group,subgroup,name,cid,smiles,isomeric_smiles,mw,logP,tpsa,hbd,hba,rotb,heavy_atoms,rings,aromatic_rings,status
A_terpeny,acyclic_mono,beta-myrcene,31253,C=CC(=C)CCC=C(C)C,CC(=CCCC(=C)C=C)C,136.238,3.475,0.0,0,0,4,10,0,0,ok
A_terpeny,acyclic_mono,beta-ocimene,18756,C=CC(C)=CCC=C(C)C,CC(=CCC=C(C)C=C)C,136.238,3.475,0.0,0,0,3,10,0,0,ok
A_terpeny,acyclic_mono,linalool,6549,C=CC(C)(O)CCC=C(C)C,CC(=CCCC(C)(C=C)O)C,154.253,2.67,20.23,1,1,4,11,0,0,ok
A_terpeny,acyclic_mono,geraniol,637566,CC(C)=CCC/C(C)=C/CO,CC(=CCC/C(=C/CO)/C)C,154.253,2.671,20.23,1,1,4,11,0,0,ok
A_terpeny,acyclic_mono,nerol,643820,CC(C)=CCC/C(C)=C\CO,CC(=CCC/C(=C\CO)/C)C,154.253,2.671,20.23,1,1,4,11,0,0,ok
A_terpeny,acyclic_mono,citronellol,8842,CC(C)=CCCC(C)CCO,CC(CCC=C(C)C)CCO,156.269,2.751,20.23,1,1,5,11,0,0,ok
A_terpeny,monocyclic,limonene,22311,C=C(C)C1CC=C(C)CC1,CC1=CCC(CC1)C(=C)C,136.238,3.309,0.0,0,0,1,10,1,0,ok
A_terpeny,monocyclic,alpha-terpineol,17100,CC1=CCC(C(C)(C)O)CC1,CC1=CCC(CC1)C(C)(C)O,154.253,2.504,20.23,1,1,1,11,1,0,ok
A_terpeny,monocyclic,gamma-terpinene,7461,CC1=CCC(C(C)C)=CC1,CC1=CCC(=CC1)C(C)C,136.238,3.309,0.0,0,0,1,10,1,0,ok
A_terpeny,monocyclic,terpinolene,11463,CC1=CCC(=C(C)C)CC1,CC1=CCC(=C(C)C)CC1,136.238,3.453,0.0,0,0,0,10,1,0,ok
A_terpeny,monocyclic,menthol,1254,CC1CCC(C(C)C)C(O)C1,CC1CCC(C(C1)O)C(C)C,156.269,2.44,20.23,1,1,1,11,1,0,ok
A_terpeny,monocyclic,carvone,7439,C=C(C)C1CC=C(C)C(=O)C1,CC1=CCC(CC1=O)C(=C)C,150.221,2.488,17.07,0,1,1,11,1,0,ok
A_terpeny,monocyclic,pulegone,442495,CC(C)=C1CC[C@@H](C)CC1=O,C[C@@H]1CCC(=C(C)C)C(=O)C1,152.237,2.712,17.07,0,1,0,11,1,0,ok
A_terpeny,monocyclic,p-cymene,7463,Cc1ccc(C(C)C)cc1,CC1=CC=C(C=C1)C(C)C,134.222,3.118,0.0,0,0,1,10,1,1,ok
A_terpeny,bicyclic,alpha-pinene,6654,CC1=CCC2CC1C2(C)C,CC1=CCC2CC1C2(C)C,136.238,2.999,0.0,0,0,0,10,3,0,ok
A_terpeny,bicyclic,beta-pinene,14896,C=C1CCC2CC1C2(C)C,CC1(C2CCC(=C)C1C2)C,136.238,2.999,0.0,0,0,0,10,3,0,ok
A_terpeny,bicyclic,camphor,2537,CC12CCC(CC1=O)C2(C)C,CC1(C2CCC1(C(=O)C2)C)C,152.237,2.402,17.07,0,1,0,11,2,0,ok
A_terpeny,bicyclic,borneol,64685,CC1(C)C2CCC1(C)C(O)C2,CC1(C2CCC1(C(C2)O)C)C,154.253,2.194,20.23,1,1,0,11,2,0,ok
A_terpeny,bicyclic,sabinene,18818,C=C1CCC2(C(C)C)CC12,CC(C)C12CCC(=C)C1C2,136.238,2.999,0.0,0,0,1,10,2,0,ok
A_terpeny,bicyclic,3-carene,26049,CC1=CCC2C(C1)C2(C)C,CC1=CCC2C(C1)C2(C)C,136.238,2.999,0.0,0,0,0,10,2,0,ok
A_terpeny,bicyclic,eucalyptol,2758,CC12CCC(CC1)C(C)(C)O2,CC1(C2CCC(O1)(CC2)C)C,154.253,2.744,9.23,0,1,0,11,3,0,ok
A_terpeny,bicyclic,fenchone,14525,CC12CCC(C1)C(C)(C)C2=O,CC1(C2CCC(C2)(C1=O)C)C,152.237,2.402,17.07,0,1,0,11,2,0,ok
A_terpeny,sesqui,beta-caryophyllene,5281515,C=C1CC/C=C(\C)CC[C@@H]2[C@@H]1CC2(C)C,C/C/1=C\CCC(=C)[C@H]2CC([C@@H]2CC1)(C)C,204.357,4.725,0.0,0,0,0,15,2,0,ok
A_terpeny,sesqui,alpha-humulene,5281520,C/C1=C\CC/C(C)=C/CC(C)(C)/C=C/C1,C/C/1=C\CC(/C=C/C/C(=C/CC1)/C)(C)C,204.357,5.035,0.0,0,0,0,15,1,0,ok
A_terpeny,sesqui,farnesol,445070,CC(C)=CCC/C(C)=C/CC/C(C)=C/CO,CC(=CCC/C(=C/CC/C(=C/CO)/C)/C)C,222.372,4.398,20.23,1,1,7,16,0,0,ok
A_terpeny,sesqui,nerolidol,5284507,C=CC(C)(O)CC/C=C(\C)CCC=C(C)C,CC(=CCC/C(=C/CCC(C)(C=C)O)/C)C,222.372,4.396,20.23,1,1,7,16,0,0,ok
A_terpeny,sesqui,alpha-bisabolol,1549992,CC(C)=CCC[C@@](C)(O)[C@H]1CC=C(C)CC1,CC1=CC[C@@H](CC1)[C@@](C)(CCC=C(C)C)O,222.372,4.23,20.23,1,1,4,16,1,0,ok
A_terpeny,sesqui,cedrol,65575,C[C@@H]1CC[C@H]2C(C)(C)[C@H]3C[C@@]12CC[C@@]3(C)O,C[C@@H]1CC[C@@H]2[C@]13CC[C@@]([C@H](C3)C2(C)C)(C)O,222.372,3.61,20.23,1,1,0,16,3,0,ok
A_terpeny,sesqui,guaiol,227829,C[C@H]1CC[C@@H](C(C)(C)O)CC2=C1CC[C@@H]2C,C[C@H]1CC[C@H](CC2=C1CC[C@@H]2C)C(C)(C)O,222.372,3.92,20.23,1,1,1,16,2,0,ok
A_terpeny,sesqui,valencene,9855795,C=C(C)[C@@H]1CCC2=CCC[C@@H](C)[C@]2(C)C1,C[C@@H]1CCC=C2[C@]1(C[C@@H](CC2)C(=C)C)C,204.357,4.725,0.0,0,0,1,15,2,0,ok
B_estry,acetate_short,ethyl acetate,8857,CCOC(C)=O,CCOC(=O)C,88.106,0.569,26.3,0,2,1,6,0,0,ok
B_estry,acetate_short,propyl acetate,7997,CCCOC(C)=O,CCCOC(=O)C,102.133,0.96,26.3,0,2,2,7,0,0,ok
B_estry,acetate_short,butyl acetate,31272,CCCCOC(C)=O,CCCCOC(=O)C,116.16,1.35,26.3,0,2,3,8,0,0,ok
B_estry,acetate_short,isoamyl acetate,31276,CC(=O)OCCC(C)C,CC(C)CCOC(=O)C,130.187,1.596,26.3,0,2,3,9,0,0,ok
B_estry,acetate_short,hexyl acetate,8908,CCCCCCOC(C)=O,CCCCCCOC(=O)C,144.214,2.13,26.3,0,2,5,10,0,0,ok
B_estry,acetate_short,isobutyl acetate,8038,CC(=O)OCC(C)C,CC(C)COC(=O)C,116.16,1.206,26.3,0,2,2,8,0,0,ok
B_estry,acetate_terpene_aromatic,benzyl acetate,8785,CC(=O)OCc1ccccc1,CC(=O)OCC1=CC=CC=C1,150.177,1.75,26.3,0,2,2,11,1,1,ok
B_estry,acetate_terpene_aromatic,linalyl acetate,8294,C=CC(C)(CCC=C(C)C)OC(C)=O,CC(=CCCC(C)(C=C)OC(=O)C)C,196.29,3.241,26.3,0,2,5,14,0,0,ok
B_estry,acetate_terpene_aromatic,geranyl acetate,1549026,CC(=O)OC/C=C(\C)CCC=C(C)C,CC(=CCC/C(=C/COC(=O)C)/C)C,196.29,3.242,26.3,0,2,5,14,0,0,ok
B_estry,acetate_terpene_aromatic,citronellyl acetate,9017,CC(=O)OCCC(C)CCC=C(C)C,CC(CCC=C(C)C)CCOC(=O)C,198.306,3.322,26.3,0,2,6,14,0,0,ok
B_estry,acetate_terpene_aromatic,phenethyl acetate,7654,CC(=O)OCCc1ccccc1,CC(=O)OCCC1=CC=CC=C1,164.204,1.792,26.3,0,2,3,12,1,1,ok
B_estry,acetate_terpene_aromatic,cinnamyl acetate,5282110,CC(=O)OC/C=C/c1ccccc1,CC(=O)OC/C=C/C1=CC=CC=C1,176.215,2.263,26.3,0,2,3,13,1,1,ok
B_estry,butyrate,methyl butyrate,12180,CCCC(=O)OC,CCCC(=O)OC,102.133,0.96,26.3,0,2,2,7,0,0,ok
B_estry,butyrate,ethyl butyrate,7762,CCCC(=O)OCC,CCCC(=O)OCC,116.16,1.35,26.3,0,2,3,8,0,0,ok
B_estry,butyrate,propyl butyrate,7770,CCCOC(=O)CCC,CCCC(=O)OCCC,130.187,1.74,26.3,0,2,4,9,0,0,ok
B_estry,butyrate,butyl butyrate,7983,CCCCOC(=O)CCC,CCCCOC(=O)CCC,144.214,2.13,26.3,0,2,5,10,0,0,ok
B_estry,butyrate,isoamyl butyrate,7795,CCCC(=O)OCCC(C)C,CCCC(=O)OCCC(C)C,158.241,2.376,26.3,0,2,5,11,0,0,ok
B_estry,butyrate,hexyl butyrate,17525,CCCCCCOC(=O)CCC,CCCCCCOC(=O)CCC,172.268,2.91,26.3,0,2,7,12,0,0,ok
B_estry,butyrate,amyl butyrate,10890,CCCCCOC(=O)CCC,CCCCCOC(=O)CCC,158.241,2.52,26.3,0,2,6,11,0,0,ok
B_estry,long_chain,methyl hexanoate,7824,CCCCCC(=O)OC,CCCCCC(=O)OC,130.187,1.74,26.3,0,2,4,9,0,0,ok
B_estry,long_chain,ethyl hexanoate,31265,CCCCCC(=O)OCC,CCCCCC(=O)OCC,144.214,2.13,26.3,0,2,5,10,0,0,ok
B_estry,long_chain,methyl octanoate,8091,CCCCCCCC(=O)OC,CCCCCCCC(=O)OC,158.241,2.52,26.3,0,2,6,11,0,0,ok
B_estry,long_chain,ethyl octanoate,7799,CCCCCCCC(=O)OCC,CCCCCCCC(=O)OCC,172.268,2.91,26.3,0,2,7,12,0,0,ok
B_estry,long_chain,ethyl decanoate,8048,CCCCCCCCCC(=O)OCC,CCCCCCCCCC(=O)OCC,200.322,3.69,26.3,0,2,9,14,0,0,ok
B_estry,aromatic_ester,methyl salicylate,4133,COC(=O)c1ccccc1O,COC(=O)C1=CC=CC=C1O,152.149,1.179,46.53,1,3,1,11,1,1,ok
B_estry,aromatic_ester,methyl anthranilate,8635,COC(=O)c1ccccc1N,COC(=O)C1=CC=CC=C1N,151.165,1.055,52.32,1,3,1,11,1,1,ok
B_estry,aromatic_ester,ethyl cinnamate,637758,CCOC(=O)/C=C/c1ccccc1,CCOC(=O)/C=C/C1=CC=CC=C1,176.215,2.263,26.3,0,2,3,13,1,1,ok
B_estry,aromatic_ester,benzyl benzoate,2345,O=C(OCc1ccccc1)c1ccccc1,C1=CC=C(C=C1)COC(=O)C2=CC=CC=C2,212.248,3.044,26.3,0,2,3,16,2,2,ok
B_estry,other_small,ethyl propionate,7749,CCOC(=O)CC,CCC(=O)OCC,102.133,0.96,26.3,0,2,2,7,0,0,ok
B_estry,other_small,ethyl formate,8025,CCOC=O,CCOC=O,74.079,0.179,26.3,0,2,2,5,0,0,ok
C_aldehydy,aliphatic_sat,hexanal,6184,CCCCCC=O,CCCCCC=O,100.161,1.766,17.07,0,1,4,7,0,0,ok
C_aldehydy,aliphatic_sat,heptanal,8130,CCCCCCC=O,CCCCCCC=O,114.188,2.156,17.07,0,1,5,8,0,0,ok
C_aldehydy,aliphatic_sat,octanal,454,CCCCCCCC=O,CCCCCCCC=O,128.215,2.546,17.07,0,1,6,9,0,0,ok
C_aldehydy,aliphatic_sat,nonanal,31289,CCCCCCCCC=O,CCCCCCCCC=O,142.242,2.936,17.07,0,1,7,10,0,0,ok
C_aldehydy,aliphatic_sat,decanal,8175,CCCCCCCCCC=O,CCCCCCCCCC=O,156.269,3.326,17.07,0,1,8,11,0,0,ok
C_aldehydy,aliphatic_sat,undecanal,8186,CCCCCCCCCCC=O,CCCCCCCCCCC=O,170.296,3.716,17.07,0,1,9,12,0,0,ok
C_aldehydy,aliphatic_sat,dodecanal,8194,CCCCCCCCCCCC=O,CCCCCCCCCCCC=O,184.323,4.106,17.07,0,1,10,13,0,0,ok
C_aldehydy,aliphatic_sat,tridecanal,25311,CCCCCCCCCCCCC=O,CCCCCCCCCCCCC=O,198.35,4.496,17.07,0,1,11,14,0,0,ok
C_aldehydy,aliphatic_sat,tetradecanal,31291,CCCCCCCCCCCCCC=O,CCCCCCCCCCCCCC=O,212.377,4.886,17.07,0,1,12,15,0,0,ok
C_aldehydy,aliphatic_unsat,trans-2-hexenal,5281168,CCC/C=C/C=O,CCC/C=C/C=O,98.145,1.542,17.07,0,1,3,7,0,0,ok
C_aldehydy,aliphatic_unsat,cis-3-hexenal,643941,CC/C=C\CC=O,CC/C=C\CC=O,98.145,1.542,17.07,0,1,3,7,0,0,ok
C_aldehydy,aliphatic_unsat,10-undecenal,8187,C=CCCCCCCCCC=O,C=CCCCCCCCCC=O,168.28,3.492,17.07,0,1,9,12,0,0,ok
C_aldehydy,aliphatic_unsat,trans-2-nonenal,5283335,CCCCCC/C=C/C=O,CCCCCC/C=C/C=O,140.226,2.712,17.07,0,1,6,10,0,0,ok
C_aldehydy,aromatic,benzaldehyde,240,O=Cc1ccccc1,C1=CC=C(C=C1)C=O,106.124,1.499,17.07,0,1,1,8,1,1,ok
C_aldehydy,aromatic,cinnamaldehyde,637511,O=C/C=C/c1ccccc1,C1=CC=C(C=C1)/C=C/C=O,132.162,1.899,17.07,0,1,2,10,1,1,ok
C_aldehydy,aromatic,anisaldehyde,31244,COc1ccc(C=O)cc1,COC1=CC=C(C=C1)C=O,136.15,1.508,26.3,0,2,2,10,1,1,ok
C_aldehydy,aromatic,vanillin,1183,COc1cc(C=O)ccc1O,COC1=C(C=CC(=C1)C=O)O,152.149,1.213,46.53,1,3,2,11,1,1,ok
C_aldehydy,aromatic,ethylvanillin,8467,CCOc1cc(C=O)ccc1O,CCOC1=C(C=CC(=C1)C=O)O,166.176,1.603,46.53,1,3,3,12,1,1,ok
C_aldehydy,aromatic,piperonal,8438,O=Cc1ccc2c(c1)OCO2,C1OC2=C(O1)C=C(C=C2)C=O,150.133,1.228,35.53,0,3,1,11,2,1,ok
C_aldehydy,aromatic,cuminaldehyde,326,CC(C)c1ccc(C=O)cc1,CC(C)C1=CC=C(C=C1)C=O,148.205,2.623,17.07,0,1,2,11,1,1,ok
C_aldehydy,aromatic,salicylaldehyde,6998,O=Cc1ccccc1O,C1=CC=C(C(=C1)C=O)O,122.123,1.205,37.3,1,2,1,9,1,1,ok
C_aldehydy,aromatic,p-tolualdehyde,7725,Cc1ccc(C=O)cc1,CC1=CC=C(C=C1)C=O,120.151,1.808,17.07,0,1,1,9,1,1,ok
C_aldehydy,aromatic,phenylacetaldehyde,998,O=CCc1ccccc1,C1=CC=C(C=C1)CC=O,120.151,1.428,17.07,0,1,2,9,1,1,ok
C_aldehydy,aromatic,helional,64805,CC(C=O)Cc1ccc2c(c1)OCO2,CC(CC1=CC2=C(C=C1)OCO2)C=O,192.214,1.793,35.53,0,3,3,14,2,1,ok
C_aldehydy,terpene_ald,citral,638011,CC(C)=CCC/C(C)=C/C=O,CC(=CCC/C(=C/C=O)/C)C,152.237,2.878,17.07,0,1,4,11,0,0,ok
C_aldehydy,terpene_ald,citronellal,7794,CC(C)=CCCC(C)CC=O,CC(CCC=C(C)C)CC=O,154.253,2.958,17.07,0,1,5,11,0,0,ok
C_aldehydy,terpene_ald,perillaldehyde,16441,C=C(C)C1CC=C(C=O)CC1,CC(=C)C1CCC(=CC1)C=O,150.221,2.488,17.07,0,1,2,11,1,0,ok
C_aldehydy,terpene_ald,safranal,61041,CC1=C(C=O)C(C)(C)CC=C1,CC1=C(C(CC=C1)(C)C)C=O,150.221,2.488,17.07,0,1,1,11,1,0,ok
C_aldehydy,terpene_ald,myrtenal,61130,CC1(C)C2CC=C(C=O)C1C2,CC1(C2CC=C(C1C2)C=O)C,150.221,2.178,17.07,0,1,1,11,3,0,ok
C_aldehydy,terpene_ald,hydroxycitronellal,7888,CC(CC=O)CCCC(C)(C)O,CC(CCCC(C)(C)O)CC=O,172.268,2.153,37.3,1,2,6,12,0,0,ok
