id,group,compound_name,maccs_PCA1,maccs_PCA2
FRU_001,Fruity,Limonene,-1.1499672396996738,-1.591589941304939
FRU_002,Fruity,Citral,-1.7042966951129077,-1.287783684233141
FRU_003,Fruity,Citronellal,-2.1142353707598645,-1.3775745615571988
FRU_004,Fruity,Hexanal,-1.8078971150449585,-0.21696451709945466
FRU_005,Fruity,Octanal,-1.9811020589185988,-0.32116266527256393
FRU_006,Fruity,Nonanal,-1.9811020589185995,-0.32116266527256465
FRU_007,Fruity,Decanal,-1.9811020589185993,-0.32116266527256465
FRU_008,Fruity,Ethyl acetate,-0.6152135307364643,1.6437581391790363
FRU_009,Fruity,Propyl acetate,-1.8430099773835673,1.2464285952394378
FRU_010,Fruity,Butyl acetate,-1.8430099773835675,1.2464285952394376
FRU_011,Fruity,Isobutyl acetate,-0.9136699365335618,0.9302469280020117
FRU_012,Fruity,Isoamyl acetate,-1.8771221928235866,0.6317505108839875
FRU_013,Fruity,Hexyl acetate,-2.2186495833661075,1.0720174800467974
FRU_014,Fruity,Methyl butyrate,-1.5708601435942893,0.700875153090426
FRU_015,Fruity,Ethyl butyrate,-1.998139477431313,1.161176550083683
FRU_016,Fruity,Propyl butyrate,-1.7339924925387227,1.2253584449265142
FRU_017,Fruity,Methyl valerate,-1.5708601435942893,0.700875153090426
FRU_018,Fruity,Ethyl valerate,-2.2186495833661075,1.0720174800467974
FRU_019,Fruity,Ethyl isovalerate,-1.5207551967180224,1.0414674954888081
FRU_020,Fruity,Ethyl 2-methylbutyrate,-1.1927577773756268,1.2517236543490589
FRU_021,Fruity,Methyl hexanoate,-1.7732948057031896,0.6306621860708943
FRU_022,Fruity,Ethyl hexanoate,-2.2186495833661075,1.0720174800467974
FRU_023,Fruity,Allyl hexanoate,-2.0377944923490574,1.0474066221065403
FRU_024,Fruity,Hexyl butyrate,-2.2186495833661075,1.0720174800467974
FRU_025,Fruity,gamma-Nonalactone,-1.1127945327993563,-0.2042074283400701
FRU_026,Fruity,gamma-Decalactone,-1.1127945327993563,-0.20420742834006997
FRU_027,Fruity,Raspberry ketone,0.5159203964344682,-0.5619650125787098
FRU_028,Fruity,Benzaldehyde,0.9557532055363324,0.08189525823260507
FRU_029,Fruity,Methyl anthranilate,1.4552029948778518,0.8643584407408031
FRU_030,Fruity,Furaneol,1.3943419988855614,-1.0062832745571932
FLO_031,Floral,Linalool,-1.545163930015826,-2.1927576344458424
FLO_032,Floral,Geraniol,-1.999386021483293,-1.2968418765483822
FLO_033,Floral,Citronellol,-2.232964224365102,-1.4170297483512593
FLO_034,Floral,Farnesol,-1.999386021483293,-1.296841876548382
FLO_035,Floral,Phenethyl alcohol,0.22005136764462052,0.19872297993538193
FLO_036,Floral,Benzyl alcohol,0.9454308283858068,0.5336474637089283
FLO_037,Floral,Benzyl acetate,0.42416650882280593,1.6622515008246517
FLO_038,Floral,Phenethyl acetate,-0.53928574746722,1.3637550837066286
FLO_039,Floral,Geranyl acetate,-2.1812220656269945,0.0948649478203097
FLO_040,Floral,Citronellyl acetate,-2.3887260791650515,0.07528703751578653
FLO_041,Floral,Benzyl salicylate,2.1053925534711344,0.9568107897922541
FLO_042,Floral,Benzyl benzoate,0.7720944385990945,1.8553080497744385
FLO_043,Floral,Methyl benzoate,1.0451931161409052,1.025185613039884
FLO_044,Floral,Methyl salicylate,2.378491231012945,0.12668835305770038
FLO_045,Floral,Ethyl salicylate,1.824465024049934,1.0289475804961508
FLO_046,Floral,Anisyl alcohol,1.8381045389601787,0.45336434726018143
FLO_047,Floral,Anisaldehyde,1.8819751618331721,0.12312984716098237
FLO_048,Floral,Anisyl acetate,1.2902222027054457,0.9573920936099161
FLO_049,Floral,Piperonal,1.7868616174531335,1.0781204155402806
FLO_050,Floral,Vanillin,2.530929878668056,-0.2468130062108664
FLO_051,Floral,Coumarin,1.8395033865489858,0.11976251975337988
FLO_052,Floral,Cinnamyl alcohol,0.959165613151066,0.4072534415385102
FLO_053,Floral,Cinnamyl formate,0.739835558176017,1.6932324989809209
FLO_054,Floral,Phenylacetaldehyde,0.6198825244042476,0.2429888636007246
FLO_055,Floral,Methyl phenylacetate,0.4888123290740272,1.0971201483711168
FLO_056,Floral,Ethyl phenylacetate,-0.18291875136165509,1.773472068311448
FLO_057,Floral,Benzyl propionate,-0.18291875136165509,1.773472068311448
FLO_058,Floral,Phenethyl propionate,-0.8479249530946739,1.45453730816767
FLO_059,Floral,Indole,1.2701392192779857,-0.20493295268514664
FLO_060,Floral,Hydroxycitronellal,-1.9127523645062847,-1.550086724855649
SPI_061,Spicy,Eugenol,2.4445880614514754,-0.47546596932362445
SPI_062,Spicy,Isoeugenol,2.405834422793712,-0.7579206492264269
SPI_063,Spicy,Cinnamaldehyde,0.9694879903015915,-0.04449876393781254
SPI_064,Spicy,Cinnamyl acetate,0.4379012935880653,1.5358574786542343
SPI_065,Spicy,Anethole,1.8190087383821325,-0.645804772773151
SPI_066,Spicy,Estragole,1.8577623770398954,-0.36335009287034736
SPI_067,Spicy,Thymol,1.8709994128147946,-1.5908648981523699
SPI_068,Spicy,Carvacrol,1.8709994128147946,-1.5908648981523699
SPI_069,Spicy,Menthol,-0.684070336028228,-2.5991247711061045
SPI_070,Spicy,Menthone,-0.8511136477001431,-2.051664562704325
SPI_071,Spicy,Carvone,0.45412963451443544,-1.609204943183194
SPI_072,Spicy,Camphor,-0.866367866899115,-2.316783915930114
SPI_073,Spicy,Eucalyptol,-1.0443246979349041,-2.0482841095311906
SPI_074,Spicy,Borneol,-0.6993245552271999,-2.8642441243318935
SPI_075,Spicy,gamma-Terpinene,0.027484332036356255,-1.415974569519306
SPI_076,Spicy,p-Cymene,0.6487182663974673,-0.8366589380016062
SPI_077,Spicy,Myrcene,-1.3875433273073696,-1.1590511364700846
SPI_078,Spicy,Guaiacol,2.528361397944417,-0.4676470251292805
SPI_079,Spicy,4-Vinylguaiacol,2.5729547290455046,-0.656137484996267
SPI_080,Spicy,Zingerone,1.082141883468763,-0.6523278115986076
SPI_081,Spicy,Capsaicin,0.7496186759876994,-1.3638673180423793
SPI_082,Spicy,Piperine,1.1084465115116142,0.5702300249385455
SPI_083,Spicy,Allyl isothiocyanate,0.24007444769510197,0.08712733445691757
SPI_084,Spicy,Methyl eugenol,2.189522273036728,-0.47363949615246903
SPI_085,Spicy,Syringol,2.5341277597461356,-0.6132073836725996
SPI_086,Spicy,Vanillyl alcohol,2.3816295165998436,0.23953173912141978
SPI_087,Spicy,Vanillyl acetate,1.8487691538734505,0.5782725766909597
SPI_088,Spicy,Safrole,1.7005198002365531,0.849467452427522
SPI_089,Spicy,Chavicol,1.8856580055776835,-0.7385937988592273
SPI_090,Spicy,Benzyl isothiocyanate,0.9450896906576163,0.30626582365958693
