id,group,compound_name,physchem_PCA1,physchem_PCA2
FRU_001,Fruity,Limonene,-3.643546293069644,2.8119620610417915
FRU_002,Fruity,Citral,-1.5409663547950216,1.9663956947741774
FRU_003,Fruity,Citronellal,-1.4747437969372148,2.39738036417135
FRU_004,Fruity,Hexanal,-3.814223240381192,-0.16407073425478244
FRU_005,Fruity,Octanal,-2.5535440707333654,1.5878735224855185
FRU_006,Fruity,Nonanal,-1.920467240865828,2.4587469526564334
FRU_007,Fruity,Decanal,-1.2862955129808384,3.327580903547651
FRU_008,Fruity,Ethyl acetate,-3.1823763346468934,-2.926632752453932
FRU_009,Fruity,Propyl acetate,-2.5635331790062126,-2.0292460916469826
FRU_010,Fruity,Butyl acetate,-1.9381206352608293,-1.1440963065182028
FRU_011,Fruity,Isobutyl acetate,-1.9992334983101143,-1.3937042415077667
FRU_012,Fruity,Isoamyl acetate,-1.3700670185049002,-0.5155469567665141
FRU_013,Fruity,Hexyl acetate,-0.6774414656130057,0.6078479502220988
FRU_014,Fruity,Methyl butyrate,-2.563533179006213,-2.029246091646982
FRU_015,Fruity,Ethyl butyrate,-1.9381206352608293,-1.144096306518203
FRU_016,Fruity,Propyl butyrate,-1.308954155455615,-0.26593902177695045
FRU_017,Fruity,Methyl valerate,-1.9381206352608293,-1.144096306518203
FRU_018,Fruity,Ethyl valerate,-1.308954155455615,-0.26593902177695045
FRU_019,Fruity,Ethyl isovalerate,-1.3700670185049,-0.5155469567665141
FRU_020,Fruity,Ethyl 2-methylbutyrate,-1.3700670185049,-0.5155469567665141
FRU_021,Fruity,Methyl hexanoate,-1.308954155455615,-0.26593902177695045
FRU_022,Fruity,Ethyl hexanoate,-0.6774414656130058,0.6078479502220985
FRU_023,Fruity,Allyl hexanoate,-0.06030079851510844,1.0915337864323424
FRU_024,Fruity,Hexyl butyrate,0.5898070921395219,2.3475553312842288
FRU_025,Fruity,gamma-Nonalactone,-0.02036275325018483,1.1657365739587682
FRU_026,Fruity,gamma-Decalactone,0.6138089746348047,2.0345705248499857
FRU_027,Fruity,Raspberry ketone,1.7849604462807935,-0.8291662509947357
FRU_028,Fruity,Benzaldehyde,-2.901737024480945,-1.674208736758537
FRU_029,Fruity,Methyl anthranilate,3.026616295226774,-3.6886177655621073
FRU_030,Fruity,Furaneol,1.0466153155888624,-3.461434661361766
FLO_031,Floral,Linalool,-0.684524969776041,1.391218480739716
FLO_032,Floral,Geraniol,-0.6844162361071962,1.3922705003112108
FLO_033,Floral,Citronellol,-0.6181936782493902,1.823255169708384
FLO_034,Floral,Farnesol,2.302172285503221,5.161900572924718
FLO_035,Floral,Phenethyl alcohol,-1.4971025588252715,-1.5807706578288936
FLO_036,Floral,Benzyl alcohol,-2.069799708550364,-2.291561069053761
FLO_037,Floral,Benzyl acetate,0.15615628866493914,-0.8444172886775948
FLO_038,Floral,Phenethyl acetate,0.74042807457451,-0.1551870869809331
FLO_039,Floral,Geranyl acetate,1.5793919497114028,2.7689065684464857
FLO_040,Floral,Citronellyl acetate,1.6587532837786183,3.1754174864873166
FLO_041,Floral,Benzyl salicylate,6.325770713922022,0.09013372440238948
FLO_042,Floral,Benzyl benzoate,3.353815700096459,1.589278038347798
FLO_043,Floral,Methyl benzoate,-0.43635351019107443,-1.7017817076632347
FLO_044,Floral,Methyl salicylate,2.535601503634492,-3.2009260216086437
FLO_045,Floral,Ethyl salicylate,3.135831392978508,-2.2688682130468734
FLO_046,Floral,Anisyl alcohol,0.4562870425850851,-2.154700383842901
FLO_047,Floral,Anisaldehyde,-0.38268890345767986,-1.5242371133210642
FLO_048,Floral,Anisyl acetate,2.6938176759848673,-0.7291168129949408
FLO_049,Floral,Piperonal,1.646131351115726,-2.255239203866005
FLO_050,Floral,Vanillin,2.589266110367886,-3.023381427266471
FLO_051,Floral,Coumarin,0.6230383879571891,-1.925668989933794
FLO_052,Floral,Cinnamyl alcohol,-0.9379542069561758,-1.0006800360347645
FLO_053,Floral,Cinnamyl formate,0.7877529368705732,-0.17092019844890602
FLO_054,Floral,Phenylacetaldehyde,-2.3437985953560396,-1.0250007768831852
FLO_055,Floral,Methyl phenylacetate,0.13253389910833813,-1.0729685405848362
FLO_056,Floral,Ethyl phenylacetate,0.74042807457451,-0.1551870869809331
FLO_057,Floral,Benzyl propionate,0.7640504641311111,0.07336416492630865
FLO_058,Floral,Phenethyl propionate,1.3538962763113402,0.7522115630172489
FLO_059,Floral,Indole,-1.559282942168787,-1.6133987156215017
FLO_060,Floral,Hydroxycitronellal,1.5232906633794014,0.9408282440718836
SPI_061,Spicy,Eugenol,1.6244546198358334,-0.5954119005191651
SPI_062,Spicy,Isoeugenol,1.5938347550433,-0.5499940969276604
SPI_063,Spicy,Cinnamaldehyde,-1.7901247335741979,-0.4347127586905804
SPI_064,Spicy,Cinnamyl acetate,1.2914144594044275,0.4401069258072874
SPI_065,Spicy,Anethole,-1.3781202587822663,0.9491502170177478
SPI_066,Spicy,Estragole,-1.3475003939897328,0.903732413426243
SPI_067,Spicy,Thymol,-0.3771940578975434,0.3268832338170397
SPI_068,Spicy,Carvacrol,-0.3771940578975434,0.3268832338170397
SPI_069,Spicy,Menthol,-0.6917221749434308,1.3819262530181207
SPI_070,Spicy,Menthone,-1.5481635599624102,1.9571034670525804
SPI_071,Spicy,Carvone,-1.577968601680179,1.4048549729218633
SPI_072,Spicy,Camphor,-1.4727329067993609,1.8000311025216462
SPI_073,Spicy,Eucalyptol,-1.38336837858882,2.5770953534692214
SPI_074,Spicy,Borneol,-0.6162915217803819,1.224853888487186
SPI_075,Spicy,gamma-Terpinene,-3.6533391191200093,2.7172145483840424
SPI_076,Spicy,p-Cymene,-3.349149071723109,1.826027547762449
SPI_077,Spicy,Myrcene,-3.631239393093736,3.0026310231709967
SPI_078,Spicy,Guaiacol,-0.09902631183339448,-2.6972991660750414
SPI_079,Spicy,4-Vinylguaiacol,1.0416402086458527,-1.3210730453185295
SPI_080,Spicy,Zingerone,4.3281958598713794,-0.7242485789178035
SPI_081,Spicy,Capsaicin,10.889353624305622,3.61278895172423
SPI_082,Spicy,Piperine,8.211405926146625,3.308864857845085
SPI_083,Spicy,Allyl isothiocyanate,-3.5162844239421185,-2.05103635344434
SPI_084,Spicy,Methyl eugenol,1.1921517169982874,1.0153247449639973
SPI_085,Spicy,Syringol,2.4270604393020534,-2.560438480864181
SPI_086,Spicy,Vanillyl alcohol,3.4282420564106513,-3.6538446977883097
SPI_087,Spicy,Vanillyl acetate,5.665772689810434,-2.2282611269403496
SPI_088,Spicy,Safrole,0.6813198605836724,0.1727303228813013
SPI_089,Spicy,Chavicol,-0.9088271754142913,-0.7188702933205998
SPI_090,Spicy,Benzyl isothiocyanate,-0.871535328949736,-0.30974317629957815
