id,group,compound_name,morgan_r2_2048_PCA1,morgan_r2_2048_PCA2
FRU_001,Fruity,Limonene,-0.005539834841679365,-1.5461667477444043
FRU_002,Fruity,Citral,-1.3215940572096923,-1.1267959546800632
FRU_003,Fruity,Citronellal,-1.5647495809671415,-1.416778664816073
FRU_004,Fruity,Hexanal,-1.802242393068976,-0.756794211373978
FRU_005,Fruity,Octanal,-1.8699595830774387,-0.7613104285345642
FRU_006,Fruity,Nonanal,-1.8699595830774387,-0.7613104285345642
FRU_007,Fruity,Decanal,-1.8699595830774387,-0.7613104285345642
FRU_008,Fruity,Ethyl acetate,-1.3266772131139923,1.0789976538279578
FRU_009,Fruity,Propyl acetate,-1.5643021419007817,1.2599434199006294
FRU_010,Fruity,Butyl acetate,-1.8255208166308892,1.3272238989431089
FRU_011,Fruity,Isobutyl acetate,-1.3265851861852302,0.6010350057761514
FRU_012,Fruity,Isoamyl acetate,-1.3437401231041495,0.8418792879665463
FRU_013,Fruity,Hexyl acetate,-2.0772139281274358,1.3488124451676837
FRU_014,Fruity,Methyl butyrate,-1.2849816775332685,1.0191033045522142
FRU_015,Fruity,Ethyl butyrate,-1.6284961075845852,1.2824940656321842
FRU_016,Fruity,Propyl butyrate,-1.7112178587362046,1.3657270449257164
FRU_017,Fruity,Methyl valerate,-1.5853782078322345,1.0604983639041248
FRU_018,Fruity,Ethyl valerate,-1.9288926378835518,1.3238891249840943
FRU_019,Fruity,Ethyl isovalerate,-1.3442632274721544,0.8880766360526628
FRU_020,Fruity,Ethyl 2-methylbutyrate,-1.323343849495753,0.668700062303308
FRU_021,Fruity,Methyl hexanoate,-1.704548518749174,1.0942700001841799
FRU_022,Fruity,Ethyl hexanoate,-2.0480629488004922,1.3576607612641498
FRU_023,Fruity,Allyl hexanoate,-1.913520067974645,0.9446054513976947
FRU_024,Fruity,Hexyl butyrate,-2.2241296449628587,1.4545960701927696
FRU_025,Fruity,gamma-Nonalactone,-1.58426766102265,-1.0718142994797046
FRU_026,Fruity,gamma-Decalactone,-1.6519848510311128,-1.0763305166402903
FRU_027,Fruity,Raspberry ketone,0.6105131073710505,0.5844241925600561
FRU_028,Fruity,Benzaldehyde,0.9869264205506383,-0.5223818671395418
FRU_029,Fruity,Methyl anthranilate,0.9186978435291869,0.937205751445578
FRU_030,Fruity,Furaneol,-0.27695003323645934,-0.9990616430418763
FLO_031,Floral,Linalool,-1.0826595654592217,-1.4170538636807053
FLO_032,Floral,Geraniol,-1.3469255073123798,-1.4220143827486615
FLO_033,Floral,Citronellol,-1.2728334340599505,-1.4695795725448062
FLO_034,Floral,Farnesol,-1.3435603719392855,-1.449861871490399
FLO_035,Floral,Phenethyl alcohol,1.1514629393300178,0.261559694374138
FLO_036,Floral,Benzyl alcohol,1.1389964984419823,0.18463491301698037
FLO_037,Floral,Benzyl acetate,0.6498428028536519,2.002922090804908
FLO_038,Floral,Phenethyl acetate,0.4782838031869155,2.0084544281008467
FLO_039,Floral,Geranyl acetate,-1.6739062933012616,0.23661931682834605
FLO_040,Floral,Citronellyl acetate,-1.7814054254841836,0.17985216480813096
FLO_041,Floral,Benzyl salicylate,1.3973699415780738,2.0714401102490507
FLO_042,Floral,Benzyl benzoate,0.9893346934425283,1.8663849932785028
FLO_043,Floral,Methyl benzoate,0.9484523015244163,1.0037135636945194
FLO_044,Floral,Methyl salicylate,1.2667794193983086,1.062648345110762
FLO_045,Floral,Ethyl salicylate,0.5313551948050099,1.6517445943107631
FLO_046,Floral,Anisyl alcohol,1.2963798413018088,0.01566371334489268
FLO_047,Floral,Anisaldehyde,1.1300963504919967,-0.612076584106499
FLO_048,Floral,Anisyl acetate,0.8588803665574353,1.4682873959707683
FLO_049,Floral,Piperonal,0.9288309064099668,-1.4593478428270763
FLO_050,Floral,Vanillin,2.0511396947515834,-0.44912118960615716
FLO_051,Floral,Coumarin,0.8502122766915459,-0.6017189790716654
FLO_052,Floral,Cinnamyl alcohol,1.0644919279305545,-0.2860505407502055
FLO_053,Floral,Cinnamyl formate,0.981670871611666,0.05256807458533619
FLO_054,Floral,Phenylacetaldehyde,0.9727077578273514,-0.13242628271166773
FLO_055,Floral,Methyl phenylacetate,0.8884386090200939,1.5908198948007142
FLO_056,Floral,Ethyl phenylacetate,0.3814177832231843,1.9847355312986537
FLO_057,Floral,Benzyl propionate,0.5311241074548547,2.1624195170976144
FLO_058,Floral,Phenethyl propionate,0.4027115296454697,2.1740678984175155
FLO_059,Floral,Indole,0.9259226984826465,-0.8035735902141068
FLO_060,Floral,Hydroxycitronellal,-1.2638087598617853,-1.1239428711410986
SPI_061,Spicy,Eugenol,2.512762252171794,-0.41211442563971873
SPI_062,Spicy,Isoeugenol,2.2929766119779775,-0.5355373463140972
SPI_063,Spicy,Cinnamaldehyde,1.006555320414475,-0.5477893847360722
SPI_064,Spicy,Cinnamyl acetate,0.4989198721447465,1.3193890920611546
SPI_065,Spicy,Anethole,1.3869335289235871,-0.6941160601845294
SPI_066,Spicy,Estragole,1.5503066667299898,-0.614212889469459
SPI_067,Spicy,Thymol,0.9027425880263122,-0.9942344421878979
SPI_068,Spicy,Carvacrol,1.0154081469823384,-0.9905390660840644
SPI_069,Spicy,Menthol,-0.8646095253753205,-1.8249236483257278
SPI_070,Spicy,Menthone,-0.5561870974980831,-1.6972525017383715
SPI_071,Spicy,Carvone,-0.14026288687833788,-1.2835166145006467
SPI_072,Spicy,Camphor,-0.4723613517235826,-1.6216936888457887
SPI_073,Spicy,Eucalyptol,-0.6242047195671646,-1.7442171067941683
SPI_074,Spicy,Borneol,-0.7706510117981125,-1.6397929765963324
SPI_075,Spicy,gamma-Terpinene,-0.01455499369936121,-1.683553064970732
SPI_076,Spicy,p-Cymene,0.42249856219052717,-1.126104841949036
SPI_077,Spicy,Myrcene,-0.9364626553760654,-1.1576699849756749
SPI_078,Spicy,Guaiacol,1.8801245705058045,0.13604442316681453
SPI_079,Spicy,4-Vinylguaiacol,2.24106736955662,-0.6588147133190123
SPI_080,Spicy,Zingerone,1.871984448354419,0.8460092992289944
SPI_081,Spicy,Capsaicin,1.6478418347737733,0.5018407352962301
SPI_082,Spicy,Piperine,0.9471025275785178,-0.9347239331999522
SPI_083,Spicy,Allyl isothiocyanate,-0.28193931796043215,-1.3183609639026848
SPI_084,Spicy,Methyl eugenol,1.9128211783658815,-0.6499753818483753
SPI_085,Spicy,Syringol,2.1009150928333367,-0.2965297196744235
SPI_086,Spicy,Vanillyl alcohol,2.2604801316166765,0.028914550081211868
SPI_087,Spicy,Vanillyl acetate,1.8086739694950371,1.4168084559831826
SPI_088,Spicy,Safrole,1.3556102007803914,-1.4419910471795694
SPI_089,Spicy,Chavicol,1.309361676530619,-0.7386904578338791
SPI_090,Spicy,Benzyl isothiocyanate,1.1472879966272058,-0.03350831520794841
