id,group,compound_name,odor_note,smiles,canonical_smiles,MolWt,ExactMolWt,MolLogP,TPSA,HBD,HBA,RotatableBonds,RingCount,AromaticRings,AliphaticRings,HeavyAtomCount,FractionCSP3,NumHeteroatoms,NumValenceElectrons,NHOHCount,NOCount
FRU_001,Fruity,Limonene,orange/citrus terpene,CC1=CCC(CC1)C(=C)C,C=C(C)C1CC=C(C)CC1,136.238,136.125200512,3.308900000000002,0.0,0,0,1,1,0,1,10,0.6,0,56,0,0
FRU_002,Fruity,Citral,"lemon, citrus aldehyde",CC(C)=CCCC(C)=CC=O,CC(C)=CCCC(C)=CC=O,152.237,152.120115132,2.878000000000001,17.07,0,1,4,0,0,0,11,0.5,1,62,0,1
FRU_003,Fruity,Citronellal,citrus/citronella aldehyde,CC(C)=CCCC(C)CC=O,CC(C)=CCCC(C)CC=O,154.25300000000001,154.135765196,2.9579000000000013,17.07,0,1,5,0,0,0,11,0.7,1,64,0,1
FRU_004,Fruity,Hexanal,"green apple, grassy aldehyde",CCCCCC=O,CCCCCC=O,100.16099999999999,100.088815004,1.7656,17.07,0,1,4,0,0,0,7,0.8333333333333334,1,42,0,1
FRU_005,Fruity,Octanal,"orange, citrus aldehyde",CCCCCCCC=O,CCCCCCCC=O,128.215,128.120115132,2.5458000000000007,17.07,0,1,6,0,0,0,9,0.875,1,54,0,1
FRU_006,Fruity,Nonanal,orange/waxy citrus aldehyde,CCCCCCCCC=O,CCCCCCCCC=O,142.242,142.135765196,2.935900000000001,17.07,0,1,7,0,0,0,10,0.8888888888888888,1,60,0,1
FRU_007,Fruity,Decanal,orange peel aldehyde,CCCCCCCCCC=O,CCCCCCCCCC=O,156.269,156.15141526,3.3260000000000023,17.07,0,1,8,0,0,0,11,0.9,1,66,0,1
FRU_008,Fruity,Ethyl acetate,sweet/fruity solvent-like ester,CCOC(=O)C,CCOC(C)=O,88.106,88.052429496,0.5694,26.3,0,2,1,0,0,0,6,0.75,2,36,0,2
FRU_009,Fruity,Propyl acetate,pear/fruity ester,CCCOC(=O)C,CCCOC(C)=O,102.13299999999998,102.06807956,0.9595,26.3,0,2,2,0,0,0,7,0.8,2,42,0,2
FRU_010,Fruity,Butyl acetate,apple/banana fruity ester,CCCCOC(=O)C,CCCCOC(C)=O,116.15999999999998,116.083729624,1.3496000000000001,26.3,0,2,3,0,0,0,8,0.8333333333333334,2,48,0,2
FRU_011,Fruity,Isobutyl acetate,banana/fruity ester,CC(C)COC(=O)C,CC(=O)OCC(C)C,116.15999999999998,116.083729624,1.2055,26.3,0,2,2,0,0,0,8,0.8333333333333334,2,48,0,2
FRU_012,Fruity,Isoamyl acetate,banana ester,CC(C)CCOC(=O)C,CC(=O)OCCC(C)C,130.18699999999998,130.099379688,1.5956000000000001,26.3,0,2,3,0,0,0,9,0.8571428571428571,2,54,0,2
FRU_013,Fruity,Hexyl acetate,apple/pear ester,CCCCCCOC(=O)C,CCCCCCOC(C)=O,144.214,144.115029752,2.1298000000000004,26.3,0,2,5,0,0,0,10,0.875,2,60,0,2
FRU_014,Fruity,Methyl butyrate,apple/pineapple ester,CCCC(=O)OC,CCCC(=O)OC,102.13299999999998,102.06807956,0.9595,26.3,0,2,2,0,0,0,7,0.8,2,42,0,2
FRU_015,Fruity,Ethyl butyrate,pineapple/orange ester,CCCC(=O)OCC,CCCC(=O)OCC,116.15999999999998,116.083729624,1.3496000000000001,26.3,0,2,3,0,0,0,8,0.8333333333333334,2,48,0,2
FRU_016,Fruity,Propyl butyrate,tropical fruity ester,CCCC(=O)OCCC,CCCOC(=O)CCC,130.18699999999998,130.099379688,1.7397,26.3,0,2,4,0,0,0,9,0.8571428571428571,2,54,0,2
FRU_017,Fruity,Methyl valerate,fruity ester,CCCCC(=O)OC,CCCCC(=O)OC,116.15999999999998,116.083729624,1.3496000000000001,26.3,0,2,3,0,0,0,8,0.8333333333333334,2,48,0,2
FRU_018,Fruity,Ethyl valerate,apple/fruity ester,CCCCC(=O)OCC,CCCCC(=O)OCC,130.18699999999998,130.099379688,1.7397,26.3,0,2,4,0,0,0,9,0.8571428571428571,2,54,0,2
FRU_019,Fruity,Ethyl isovalerate,apple/fruity ester,CC(C)CC(=O)OCC,CCOC(=O)CC(C)C,130.18699999999998,130.099379688,1.5956000000000001,26.3,0,2,3,0,0,0,9,0.8571428571428571,2,54,0,2
FRU_020,Fruity,Ethyl 2-methylbutyrate,apple/strawberry ester,CCOC(=O)C(C)CC,CCOC(=O)C(C)CC,130.18699999999998,130.099379688,1.5956000000000001,26.3,0,2,3,0,0,0,9,0.8571428571428571,2,54,0,2
FRU_021,Fruity,Methyl hexanoate,pineapple/fruity ester,CCCCCC(=O)OC,CCCCCC(=O)OC,130.18699999999998,130.099379688,1.7397,26.3,0,2,4,0,0,0,9,0.8571428571428571,2,54,0,2
FRU_022,Fruity,Ethyl hexanoate,apple/pineapple ester,CCCCCC(=O)OCC,CCCCCC(=O)OCC,144.21399999999997,144.115029752,2.1298000000000004,26.3,0,2,5,0,0,0,10,0.875,2,60,0,2
FRU_023,Fruity,Allyl hexanoate,pineapple ester,CCCCCC(=O)OCC=C,C=CCOC(=O)CCCCC,156.22499999999997,156.115029752,2.2959000000000005,26.3,0,2,6,0,0,0,11,0.6666666666666666,2,64,0,2
FRU_024,Fruity,Hexyl butyrate,apple/fruity ester,CCCC(=O)OCCCCCC,CCCCCCOC(=O)CCC,172.26799999999994,172.14632988,2.910000000000001,26.3,0,2,7,0,0,0,12,0.9,2,72,0,2
FRU_025,Fruity,gamma-Nonalactone,coconut/peach lactone,CCCCCC1CCC(=O)O1,CCCCCC1CCC(=O)O1,156.225,156.115029752,2.2723000000000004,26.3,0,2,4,1,0,1,11,0.8888888888888888,2,64,0,2
FRU_026,Fruity,gamma-Decalactone,peach/apricot lactone,CCCCCCC1CCC(=O)O1,CCCCCCC1CCC(=O)O1,170.25199999999998,170.130679816,2.6624000000000008,26.3,0,2,5,1,0,1,12,0.9,2,70,0,2
FRU_027,Fruity,Raspberry ketone,raspberry phenolic ketone,CC(=O)CCC1=CC=C(O)C=C1,CC(=O)CCc1ccc(O)cc1,164.204,164.083729624,1.9138,37.3,1,2,3,1,1,0,12,0.3,2,64,1,2
FRU_028,Fruity,Benzaldehyde,almond/cherry note,O=Cc1ccccc1,O=Cc1ccccc1,106.12399999999997,106.041864812,1.4990999999999999,17.07,0,1,1,1,1,0,8,0.0,1,40,0,1
FRU_029,Fruity,Methyl anthranilate,grape/orange blossom ester,COC(=O)c1ccccc1N,COC(=O)c1ccccc1N,151.16499999999996,151.063328528,1.0554,52.32,1,3,1,1,1,0,11,0.125,3,58,2,3
FRU_030,Fruity,Furaneol,strawberry/caramel furanone,CC1=C(O)C(=O)C(C)O1,CC1=C(O)C(=O)C(C)O1,128.12699999999998,128.047344116,0.7637,46.53,1,3,0,1,0,1,9,0.5,3,50,1,3
FLO_031,Floral,Linalool,lavender/floral terpene alcohol,CC(C)=CCCC(C)(O)C=C,C=CC(C)(O)CCC=C(C)C,154.253,154.135765196,2.6698000000000013,20.23,1,1,4,0,0,0,11,0.6,1,64,1,1
FLO_032,Floral,Geraniol,rose/floral terpene alcohol,CC(C)=CCCC(C)=CCO,CC(C)=CCCC(C)=CCO,154.253,154.135765196,2.6714000000000016,20.23,1,1,4,0,0,0,11,0.6,1,64,1,1
FLO_033,Floral,Citronellol,rose/citrus-floral alcohol,CC(C)=CCCC(C)CCO,CC(C)=CCCC(C)CCO,156.269,156.15141526,2.751300000000001,20.23,1,1,5,0,0,0,11,0.8,1,66,1,1
FLO_034,Floral,Farnesol,floral/balsamic sesquiterpene alcohol,CC(C)=CCCC(C)=CCCC(C)=CCO,CC(C)=CCCC(C)=CCCC(C)=CCO,222.37199999999996,222.198365452,4.397900000000004,20.23,1,1,7,0,0,0,16,0.6,1,92,1,1
FLO_035,Floral,Phenethyl alcohol,rose alcohol,OCCc1ccccc1,OCCc1ccccc1,122.16699999999996,122.07316494,1.2214,20.23,1,1,2,1,1,0,9,0.25,1,48,1,1
FLO_036,Floral,Benzyl alcohol,mild floral alcohol,OCc1ccccc1,OCc1ccccc1,108.13999999999997,108.057514876,1.1789,20.23,1,1,1,1,1,0,8,0.14285714285714285,1,42,1,1
FLO_037,Floral,Benzyl acetate,jasmine/fruity-floral ester,CC(=O)OCc1ccccc1,CC(=O)OCc1ccccc1,150.177,150.06807956,1.7496999999999998,26.3,0,2,2,1,1,0,11,0.2222222222222222,2,58,0,2
FLO_038,Floral,Phenethyl acetate,rose/honey ester,CC(=O)OCCc1ccccc1,CC(=O)OCCc1ccccc1,164.204,164.083729624,1.7922,26.3,0,2,3,1,1,0,12,0.3,2,64,0,2
FLO_039,Floral,Geranyl acetate,rose/fruity-floral ester,CC(C)=CCCC(C)=CCOC(=O)C,CC(=O)OCC=C(C)CCC=C(C)C,196.28999999999996,196.14632988,3.242200000000002,26.3,0,2,5,0,0,0,14,0.5833333333333334,2,80,0,2
FLO_040,Floral,Citronellyl acetate,rose/citrus-floral ester,CC(C)=CCCC(C)CCOC(=O)C,CC(=O)OCCC(C)CCC=C(C)C,198.30599999999998,198.161979944,3.3221000000000016,26.3,0,2,6,0,0,0,14,0.75,2,82,0,2
FLO_041,Floral,Benzyl salicylate,balsamic/floral ester,O=C(OCc1ccccc1)c1ccccc1O,O=C(OCc1ccccc1)c1ccccc1O,228.24699999999999,228.078644244,2.7492000000000014,46.53,1,3,3,2,2,0,17,0.07142857142857142,3,86,1,3
FLO_042,Floral,Benzyl benzoate,balsamic/cosmetic ester,O=C(OCc1ccccc1)c1ccccc1,O=C(OCc1ccccc1)c1ccccc1,212.248,212.083729624,3.0436000000000014,26.3,0,2,3,2,2,0,16,0.07142857142857142,2,80,0,2
FLO_043,Floral,Methyl benzoate,floral/fruity aromatic ester,COC(=O)c1ccccc1,COC(=O)c1ccccc1,136.14999999999998,136.052429496,1.4732,26.3,0,2,1,1,1,0,10,0.125,2,52,0,2
FLO_044,Floral,Methyl salicylate,sweet wintergreen/floral nuance,COC(=O)c1ccccc1O,COC(=O)c1ccccc1O,152.14899999999997,152.047344116,1.1787999999999998,46.53,1,3,1,1,1,0,11,0.125,3,58,1,3
FLO_045,Floral,Ethyl salicylate,sweet floral salicylate,CCOC(=O)c1ccccc1O,CCOC(=O)c1ccccc1O,166.176,166.06299418,1.5688999999999997,46.53,1,3,2,1,1,0,12,0.2222222222222222,3,64,1,3
FLO_046,Floral,Anisyl alcohol,sweet anisic floral alcohol,COc1ccc(CO)cc1,COc1ccc(CO)cc1,138.166,138.06807956,1.1874999999999998,29.46,1,2,2,1,1,0,10,0.25,2,54,1,2
FLO_047,Floral,Anisaldehyde,sweet floral/powdery aldehyde,COc1ccc(C=O)cc1,COc1ccc(C=O)cc1,136.14999999999998,136.052429496,1.5076999999999998,26.3,0,2,2,1,1,0,10,0.125,2,52,0,2
FLO_048,Floral,Anisyl acetate,sweet floral ester,COc1ccc(COC(=O)C)cc1,COc1ccc(COC(C)=O)cc1,180.203,180.078644244,1.7583,35.53,0,3,3,1,1,0,13,0.3,3,70,0,3
FLO_049,Floral,Piperonal,heliotrope/powdery floral aldehyde,O=Cc1ccc2OCOc2c1,O=Cc1ccc2c(c1)OCO2,150.13299999999998,150.031694052,1.2278,35.53,0,3,1,2,1,1,11,0.125,3,56,0,3
FLO_050,Floral,Vanillin,vanilla/powdery cosmetic aldehyde,COc1cc(C=O)ccc1O,COc1cc(C=O)ccc1O,152.14899999999997,152.047344116,1.2132999999999998,46.53,1,3,2,1,1,0,11,0.125,3,58,1,3
FLO_051,Floral,Coumarin,tonka/hay sweet floral-balsamic,O=C1OC2=CC=CC=C2C=C1,O=c1ccc2ccccc2o1,146.14499999999998,146.036779432,1.793,30.21,0,2,0,2,2,0,11,0.0,2,54,0,2
FLO_052,Floral,Cinnamyl alcohol,balsamic floral-cinnamon alcohol,OCC=Cc1ccccc1,OCC=Cc1ccccc1,134.178,134.07316494,1.6921,20.23,1,1,2,1,1,0,10,0.1111111111111111,1,52,1,1
FLO_053,Floral,Cinnamyl formate,sweet balsamic floral ester,O=COCC=Cc1ccccc1,O=COCC=Cc1ccccc1,162.188,162.06807956,1.8728,26.3,0,2,4,1,1,0,12,0.1,2,62,0,2
FLO_054,Floral,Phenylacetaldehyde,hyacinth/honey floral aldehyde,O=CCc1ccccc1,O=CCc1ccccc1,120.15099999999995,120.057514876,1.428,17.07,0,1,2,1,1,0,9,0.125,1,46,0,1
FLO_055,Floral,Methyl phenylacetate,honey/floral ester,COC(=O)Cc1ccccc1,COC(=O)Cc1ccccc1,150.177,150.06807956,1.4021,26.3,0,2,2,1,1,0,11,0.2222222222222222,2,58,0,2
FLO_056,Floral,Ethyl phenylacetate,honey/floral ester,CCOC(=O)Cc1ccccc1,CCOC(=O)Cc1ccccc1,164.204,164.083729624,1.7922,26.3,0,2,3,1,1,0,12,0.3,2,64,0,2
FLO_057,Floral,Benzyl propionate,sweet fruity-floral ester,CCC(=O)OCc1ccccc1,CCC(=O)OCc1ccccc1,164.204,164.083729624,2.1398,26.3,0,2,3,1,1,0,12,0.3,2,64,0,2
FLO_058,Floral,Phenethyl propionate,rose/fruity-floral ester,CCC(=O)OCCc1ccccc1,CCC(=O)OCCc1ccccc1,178.23100000000002,178.099379688,2.1822999999999997,26.3,0,2,4,1,1,0,13,0.36363636363636365,2,70,0,2
FLO_059,Floral,Indole,jasmine/floral at low concentration,c1ccc2[nH]ccc2c1,c1ccc2[nH]ccc2c1,117.15099999999997,117.057849224,2.1678999999999995,15.79,1,0,0,2,2,0,9,0.0,1,44,1,1
FLO_060,Floral,Hydroxycitronellal,lily-of-the-valley floral aldehyde,CC(C)(O)CCCC(C)CC=O,CC(CC=O)CCCC(C)(C)O,172.26799999999997,172.14632988,2.1527000000000003,37.3,1,2,6,0,0,0,12,0.9,2,72,1,2
SPI_061,Spicy,Eugenol,clove phenylpropanoid,COc1cc(CC=C)ccc1O,C=CCc1ccc(O)c(OC)c1,164.204,164.083729624,2.1293,29.46,1,2,3,1,1,0,12,0.2,2,64,1,2
SPI_062,Spicy,Isoeugenol,clove/spicy phenylpropanoid,COc1cc(C=CC)ccc1O,CC=Cc1ccc(O)c(OC)c1,164.20399999999998,164.083729624,2.433900000000001,29.46,1,2,2,1,1,0,12,0.2,2,64,1,2
SPI_063,Spicy,Cinnamaldehyde,cinnamon aldehyde,O=CC=Cc1ccccc1,O=CC=Cc1ccccc1,132.16199999999998,132.057514876,1.8987,17.07,0,1,2,1,1,0,10,0.0,1,50,0,1
SPI_064,Spicy,Cinnamyl acetate,cinnamon/balsamic ester,CC(=O)OCC=Cc1ccccc1,CC(=O)OCC=Cc1ccccc1,176.215,176.083729624,2.2629,26.3,0,2,3,1,1,0,13,0.18181818181818182,2,68,0,2
SPI_065,Spicy,Anethole,anise/licorice phenylpropanoid,COc1ccc(C=CC)cc1,CC=Cc1ccc(OC)cc1,148.20499999999998,148.088815004,2.728300000000001,9.23,0,1,2,1,1,0,11,0.2,1,58,0,1
SPI_066,Spicy,Estragole,tarragon/anise phenylpropanoid,C=CCc1ccc(OC)cc1,C=CCc1ccc(OC)cc1,148.20499999999998,148.088815004,2.4237,9.23,0,1,3,1,1,0,11,0.2,1,58,0,1
SPI_067,Spicy,Thymol,thyme phenol,Cc1ccc(C(C)C)c(O)c1,Cc1ccc(C(C)C)c(O)c1,150.221,150.104465068,2.824020000000001,20.23,1,1,1,1,1,0,11,0.4,1,60,1,1
SPI_068,Spicy,Carvacrol,oregano/thyme phenol,Cc1ccc(O)c(C(C)C)c1,Cc1ccc(O)c(C(C)C)c1,150.221,150.104465068,2.824020000000001,20.23,1,1,1,1,1,0,11,0.4,1,60,1,1
SPI_069,Spicy,Menthol,mint alcohol,CC(C)C1CCC(C)CC1O,CC1CCC(C(C)C)C(O)C1,156.269,156.15141526,2.439500000000001,20.23,1,1,1,1,0,1,11,1.0,1,66,1,1
SPI_070,Spicy,Menthone,mint ketone,CC(C)C1CCC(C)CC1=O,CC1CCC(C(C)C)C(=O)C1,154.253,154.135765196,2.6477000000000013,17.07,0,1,1,1,0,1,11,0.9,1,64,0,1
SPI_071,Spicy,Carvone,caraway/mint ketone,CC1=CCC(CC1=O)C(=C)C,C=C(C)C1CC=C(C)C(=O)C1,150.22099999999998,150.104465068,2.4879000000000007,17.07,0,1,1,1,0,1,11,0.5,1,60,0,1
SPI_072,Spicy,Camphor,camphoraceous ketone,CC1(C)C2CCC1(C)C(=O)C2,CC12CCC(CC1=O)C2(C)C,152.237,152.120115132,2.401700000000001,17.07,0,1,0,2,0,2,11,0.9,1,62,0,1
SPI_073,Spicy,Eucalyptol,eucalyptus ether,CC1(C)OC2CCC1(C)CC2,CC12CCC(CC1)OC2(C)C,154.253,154.135765196,2.7441000000000013,9.23,0,1,0,3,0,3,11,1.0,1,64,0,1
SPI_074,Spicy,Borneol,camphoraceous herbal alcohol,CC1(C)C2CCC1(C)C(O)C2,CC1(C)C2CCC1(C)C(O)C2,154.253,154.135765196,2.1935000000000002,20.23,1,1,0,2,0,2,11,1.0,1,64,1,1
SPI_075,Spicy,gamma-Terpinene,herbal/citrus terpene,CC1=CCC(C=C1)C(C)C,CC1=CCC(C(C)C)C=C1,136.23799999999997,136.125200512,3.1648000000000023,0.0,0,0,1,1,0,1,10,0.6,0,56,0,0
SPI_076,Spicy,p-Cymene,herbal/spicy aromatic terpene,CC(C)c1ccc(C)cc1,Cc1ccc(C(C)C)cc1,134.22199999999998,134.109550448,3.118420000000002,0.0,0,0,1,1,1,0,10,0.4,0,54,0,0
SPI_077,Spicy,Myrcene,hoppy/herbal terpene,CC(=C)CCC=C(C)C=C,C=CC(C)=CCCC(=C)C,136.23799999999997,136.125200512,3.4750000000000023,0.0,0,0,4,0,0,0,10,0.4,0,56,0,0
SPI_078,Spicy,Guaiacol,smoky/spicy phenol,COc1ccccc1O,COc1ccccc1O,124.13899999999997,124.052429496,1.4008,29.46,1,2,1,1,1,0,9,0.14285714285714285,2,48,1,2
SPI_079,Spicy,4-Vinylguaiacol,clove/spicy phenol,C=Cc1ccc(O)c(OC)c1,C=Cc1ccc(O)c(OC)c1,150.177,150.06807956,2.0438,29.46,1,2,2,1,1,0,11,0.1111111111111111,2,58,1,2
SPI_080,Spicy,Zingerone,ginger phenolic ketone,COc1cc(CCC(=O)C)ccc1O,COc1cc(CCC(C)=O)ccc1O,194.23000000000002,194.094294308,1.9224,46.53,1,3,4,1,1,0,14,0.36363636363636365,3,76,1,3
SPI_081,Spicy,Capsaicin,chili pungent vanilloid,COc1cc(CNC(=O)CCCCC=CC(C)C)ccc1O,COc1cc(CNC(=O)CCCCC=CC(C)C)ccc1O,305.418,305.199093724,3.789600000000003,58.56,2,3,9,1,1,0,22,0.5,4,122,2,4
SPI_082,Spicy,Piperine,black pepper alkaloid,O=C(C=CC=Cc1ccc2OCOc2c1)N1CCCCC1,O=C(C=CC=Cc1ccc2c(c1)OCO2)N1CCCCC1,285.343,285.136493468,2.997200000000001,38.77,0,3,3,3,1,2,21,0.35294117647058826,4,110,0,4
SPI_083,Spicy,Allyl isothiocyanate,mustard/wasabi pungent note,C=CCN=C=S,C=CCN=C=S,99.15799999999999,99.01427016,1.2752,12.36,0,2,2,0,0,0,6,0.25,2,32,0,1
SPI_084,Spicy,Methyl eugenol,sweet spicy phenylpropanoid,COc1cc(CC=C)ccc1OC,C=CCc1ccc(OC)c(OC)c1,178.231,178.099379688,2.4323000000000006,18.46,0,2,4,1,1,0,13,0.2727272727272727,2,70,0,2
SPI_085,Spicy,Syringol,smoky/spicy phenol,COc1cc(OC)c(O)cc1,COc1ccc(O)c(OC)c1,154.165,154.06299418,1.4094,38.69,1,3,2,1,1,0,11,0.25,3,60,1,3
SPI_086,Spicy,Vanillyl alcohol,sweet spicy vanilloid alcohol,COc1cc(CO)ccc1O,COc1cc(CO)ccc1O,154.165,154.06299418,0.8930999999999998,49.69,2,3,2,1,1,0,11,0.25,3,60,2,3
SPI_087,Spicy,Vanillyl acetate,sweet spicy vanilloid ester,CC(=O)OCc1cc(OC)c(O)cc1,COc1cc(COC(C)=O)ccc1O,196.202,196.073558864,1.4638999999999998,55.760000000000005,1,4,3,1,1,0,14,0.3,4,76,1,4
SPI_088,Spicy,Safrole,sassafras/spicy phenylpropanoid,C=CCc1ccc2OCOc2c1,C=CCc1ccc2c(c1)OCO2,162.18799999999996,162.06807956,2.1437999999999997,18.46,0,2,2,2,1,1,12,0.2,2,62,0,2
SPI_089,Spicy,Chavicol,clove/spicy phenol,C=CCc1ccc(O)cc1,C=CCc1ccc(O)cc1,134.17799999999997,134.07316494,2.1207000000000003,20.23,1,1,2,1,1,0,10,0.1111111111111111,1,52,1,1
SPI_090,Spicy,Benzyl isothiocyanate,mustard/spicy pungent note,S=C=NCc1ccccc1,S=C=NCc1ccccc1,149.218,149.029920224,2.2894000000000005,12.36,0,2,2,1,1,0,10,0.125,2,50,0,1
