id,group,compound_name,hclust_morgan_r2_2048_cluster_k3
FRU_001,Fruity,Limonene,3
FRU_002,Fruity,Citral,3
FRU_003,Fruity,Citronellal,3
FRU_004,Fruity,Hexanal,3
FRU_005,Fruity,Octanal,3
FRU_006,Fruity,Nonanal,3
FRU_007,Fruity,Decanal,3
FRU_008,Fruity,Ethyl acetate,3
FRU_009,Fruity,Propyl acetate,3
FRU_010,Fruity,Butyl acetate,3
FRU_011,Fruity,Isobutyl acetate,3
FRU_012,Fruity,Isoamyl acetate,3
FRU_013,Fruity,Hexyl acetate,3
FRU_014,Fruity,Methyl butyrate,3
FRU_015,Fruity,Ethyl butyrate,3
FRU_016,Fruity,Propyl butyrate,3
FRU_017,Fruity,Methyl valerate,3
FRU_018,Fruity,Ethyl valerate,3
FRU_019,Fruity,Ethyl isovalerate,3
FRU_020,Fruity,Ethyl 2-methylbutyrate,3
FRU_021,Fruity,Methyl hexanoate,3
FRU_022,Fruity,Ethyl hexanoate,3
FRU_023,Fruity,Allyl hexanoate,3
FRU_024,Fruity,Hexyl butyrate,3
FRU_025,Fruity,gamma-Nonalactone,3
FRU_026,Fruity,gamma-Decalactone,3
FRU_027,Fruity,Raspberry ketone,3
FRU_028,Fruity,Benzaldehyde,3
FRU_029,Fruity,Methyl anthranilate,3
FRU_030,Fruity,Furaneol,1
FLO_031,Floral,Linalool,3
FLO_032,Floral,Geraniol,3
FLO_033,Floral,Citronellol,3
FLO_034,Floral,Farnesol,3
FLO_035,Floral,Phenethyl alcohol,3
FLO_036,Floral,Benzyl alcohol,3
FLO_037,Floral,Benzyl acetate,3
FLO_038,Floral,Phenethyl acetate,3
FLO_039,Floral,Geranyl acetate,3
FLO_040,Floral,Citronellyl acetate,3
FLO_041,Floral,Benzyl salicylate,3
FLO_042,Floral,Benzyl benzoate,3
FLO_043,Floral,Methyl benzoate,3
FLO_044,Floral,Methyl salicylate,3
FLO_045,Floral,Ethyl salicylate,3
FLO_046,Floral,Anisyl alcohol,3
FLO_047,Floral,Anisaldehyde,3
FLO_048,Floral,Anisyl acetate,3
FLO_049,Floral,Piperonal,3
FLO_050,Floral,Vanillin,3
FLO_051,Floral,Coumarin,3
FLO_052,Floral,Cinnamyl alcohol,3
FLO_053,Floral,Cinnamyl formate,3
FLO_054,Floral,Phenylacetaldehyde,3
FLO_055,Floral,Methyl phenylacetate,3
FLO_056,Floral,Ethyl phenylacetate,3
FLO_057,Floral,Benzyl propionate,3
FLO_058,Floral,Phenethyl propionate,3
FLO_059,Floral,Indole,3
FLO_060,Floral,Hydroxycitronellal,3
SPI_061,Spicy,Eugenol,3
SPI_062,Spicy,Isoeugenol,3
SPI_063,Spicy,Cinnamaldehyde,3
SPI_064,Spicy,Cinnamyl acetate,3
SPI_065,Spicy,Anethole,3
SPI_066,Spicy,Estragole,3
SPI_067,Spicy,Thymol,3
SPI_068,Spicy,Carvacrol,3
SPI_069,Spicy,Menthol,1
SPI_070,Spicy,Menthone,1
SPI_071,Spicy,Carvone,3
SPI_072,Spicy,Camphor,1
SPI_073,Spicy,Eucalyptol,1
SPI_074,Spicy,Borneol,1
SPI_075,Spicy,gamma-Terpinene,3
SPI_076,Spicy,p-Cymene,3
SPI_077,Spicy,Myrcene,3
SPI_078,Spicy,Guaiacol,3
SPI_079,Spicy,4-Vinylguaiacol,3
SPI_080,Spicy,Zingerone,3
SPI_081,Spicy,Capsaicin,3
SPI_082,Spicy,Piperine,3
SPI_083,Spicy,Allyl isothiocyanate,2
SPI_084,Spicy,Methyl eugenol,3
SPI_085,Spicy,Syringol,3
SPI_086,Spicy,Vanillyl alcohol,3
SPI_087,Spicy,Vanillyl acetate,3
SPI_088,Spicy,Safrole,3
SPI_089,Spicy,Chavicol,3
SPI_090,Spicy,Benzyl isothiocyanate,2
