compound_name,group,subgroup,pubchem_query,pubchem_cid,pubchem_inchikey,pubchem_smiles,canonical_smiles,standardization_status,fetch_status,fetch_error
acetaminophen,Bol,anilide,acetaminophen,1983,RZVAJINKPMORJF-UHFFFAOYSA-N,CC(=O)NC1=CC=C(C=C1)O,CC(=O)Nc1ccc(O)cc1,OK,OK,
ibuprofen,Bol,nsaid_propionic,ibuprofen,3672,HEFNNWSXXWATRW-UHFFFAOYSA-N,CC(C)CC1=CC=C(C=C1)C(C)C(=O)O,CC(C)Cc1ccc(C(C)C(=O)O)cc1,OK,OK,
naproxen,Bol,nsaid_propionic,naproxen,156391,CMWTZPSULFXXJA-VIFPVBQESA-N,C[C@@H](C1=CC2=C(C=C1)C=C(C=C2)OC)C(=O)O,COc1ccc2cc([C@H](C)C(=O)O)ccc2c1,OK,OK,
ketoprofen,Bol,nsaid_propionic,ketoprofen,3825,DKYWVDODHFEZIM-UHFFFAOYSA-N,CC(C1=CC(=CC=C1)C(=O)C2=CC=CC=C2)C(=O)O,CC(C(=O)O)c1cccc(C(=O)c2ccccc2)c1,OK,OK,
dexketoprofen,Bol,nsaid_propionic,dexketoprofen,667550,DKYWVDODHFEZIM-NSHDSACASA-N,C[C@@H](C1=CC(=CC=C1)C(=O)C2=CC=CC=C2)C(=O)O,C[C@H](C(=O)O)c1cccc(C(=O)c2ccccc2)c1,OK,OK,
flurbiprofen,Bol,nsaid_propionic,flurbiprofen,3394,SYTBZMRGLBWNTM-UHFFFAOYSA-N,CC(C1=CC(=C(C=C1)C2=CC=CC=C2)F)C(=O)O,CC(C(=O)O)c1ccc(-c2ccccc2)c(F)c1,OK,OK,
fenoprofen,Bol,nsaid_propionic,fenoprofen,3342,RDJGLLICXDHJDY-UHFFFAOYSA-N,CC(C1=CC(=CC=C1)OC2=CC=CC=C2)C(=O)O,CC(C(=O)O)c1cccc(Oc2ccccc2)c1,OK,OK,
tiaprofenic acid,Bol,nsaid_propionic,tiaprofenic acid,5468,GUHPRPJDBZHYCJ-UHFFFAOYSA-N,CC(C1=CC=C(S1)C(=O)C2=CC=CC=C2)C(=O)O,CC(C(=O)O)c1ccc(C(=O)c2ccccc2)s1,OK,OK,
aspirin,Bol,nsaid_salicylate,aspirin,2244,BSYNRYMUTXBXSQ-UHFFFAOYSA-N,CC(=O)OC1=CC=CC=C1C(=O)O,CC(=O)Oc1ccccc1C(=O)O,OK,OK,
salicylic acid,Bol,nsaid_salicylate,salicylic acid,338,YGSDEFSMJLZEOE-UHFFFAOYSA-N,C1=CC=C(C(=C1)C(=O)O)O,O=C(O)c1ccccc1O,OK,OK,
diclofenac,Bol,nsaid_acetic,diclofenac,3033,DCOPUUMXTXDBNB-UHFFFAOYSA-N,C1=CC=C(C(=C1)CC(=O)O)NC2=C(C=CC=C2Cl)Cl,O=C(O)Cc1ccccc1Nc1c(Cl)cccc1Cl,OK,OK,
aceclofenac,Bol,nsaid_acetic,aceclofenac,71771,MNIPYSSQXLZQLJ-UHFFFAOYSA-N,C1=CC=C(C(=C1)CC(=O)OCC(=O)O)NC2=C(C=CC=C2Cl)Cl,O=C(O)COC(=O)Cc1ccccc1Nc1c(Cl)cccc1Cl,OK,OK,
indomethacin,Bol,nsaid_acetic,indomethacin,3715,CGIGDMFJXJATDK-UHFFFAOYSA-N,CC1=C(C2=C(N1C(=O)C3=CC=C(C=C3)Cl)C=CC(=C2)OC)CC(=O)O,COc1ccc2c(c1)c(CC(=O)O)c(C)n2C(=O)c1ccc(Cl)cc1,OK,OK,
ketorolac,Bol,nsaid_acetic,ketorolac,3826,OZWKMVRBQXNZKK-UHFFFAOYSA-N,C1CN2C(=CC=C2C(=O)C3=CC=CC=C3)C1C(=O)O,O=C(c1ccccc1)c1ccc2n1CCC2C(=O)O,OK,OK,
mefenamic acid,Bol,nsaid_fenamate,mefenamic acid,4044,HYYBABOKPJLUIN-UHFFFAOYSA-N,CC1=C(C(=CC=C1)NC2=CC=CC=C2C(=O)O)C,Cc1cccc(Nc2ccccc2C(=O)O)c1C,OK,OK,
tolfenamic acid,Bol,nsaid_fenamate,tolfenamic acid,610479,YEZNLOUZAIOMLT-UHFFFAOYSA-N,CC1=C(C=CC=C1Cl)NC2=CC=CC=C2C(=O)O,Cc1c(Cl)cccc1Nc1ccccc1C(=O)O,OK,OK,
meloxicam,Bol,nsaid_oxicam,meloxicam,54677470,ZRVUJXDFFKFLMG-UHFFFAOYSA-N,CC1=CN=C(S1)NC(=O)C2=C(C3=CC=CC=C3S(=O)(=O)N2C)O,Cc1cnc(NC(=O)C2=C(O)c3ccccc3S(=O)(=O)N2C)s1,OK,OK,
piroxicam,Bol,nsaid_oxicam,piroxicam,54676228,QYSPLQLAKJAUJT-UHFFFAOYSA-N,CN1C(=C(C2=CC=CC=C2S1(=O)=O)O)C(=O)NC3=CC=CC=N3,CN1C(C(=O)Nc2ccccn2)=C(O)c2ccccc2S1(=O)=O,OK,OK,
lornoxicam,Bol,nsaid_oxicam,lornoxicam,54690031,WLHQHAUOOXYABV-UHFFFAOYSA-N,CN1C(=C(C2=C(S1(=O)=O)C=C(S2)Cl)O)C(=O)NC3=CC=CC=N3,CN1C(C(=O)Nc2ccccn2)=C(O)c2sc(Cl)cc2S1(=O)=O,OK,OK,
nimesulide,Bol,nsaid_sulfonanilide,nimesulide,4495,HYWYRSMBCFDLJT-UHFFFAOYSA-N,CS(=O)(=O)NC1=C(C=C(C=C1)[N+](=O)[O-])OC2=CC=CC=C2,CS(=O)(=O)Nc1ccc([N+](=O)[O-])cc1Oc1ccccc1,OK,OK,
celecoxib,Bol,nsaid_coxib,celecoxib,2662,RZEKVGVHFLEQIL-UHFFFAOYSA-N,CC1=CC=C(C=C1)C2=CC(=NN2C3=CC=C(C=C3)S(=O)(=O)N)C(F)(F)F,Cc1ccc(-c2cc(C(F)(F)F)nn2-c2ccc(S(N)(=O)=O)cc2)cc1,OK,OK,
etoricoxib,Bol,nsaid_coxib,etoricoxib,123619,MNJVRJDLRVPLFE-UHFFFAOYSA-N,CC1=NC=C(C=C1)C2=C(C=C(C=N2)Cl)C3=CC=C(C=C3)S(=O)(=O)C,Cc1ccc(-c2ncc(Cl)cc2-c2ccc(S(C)(=O)=O)cc2)cn1,OK,OK,
metamizole,Bol,pyrazolone,metamizole,3111,LVWZTYCIRDMTEY-UHFFFAOYSA-N,CC1=C(C(=O)N(N1C)C2=CC=CC=C2)N(C)CS(=O)(=O)O,Cc1c(N(C)CS(=O)(=O)O)c(=O)n(-c2ccccc2)n1C,OK,OK,
propyphenazone,Bol,pyrazolone,propyphenazone,3778,PXWLVJLKJGVOKE-UHFFFAOYSA-N,CC1=C(C(=O)N(N1C)C2=CC=CC=C2)C(C)C,Cc1c(C(C)C)c(=O)n(-c2ccccc2)n1C,OK,OK,
phenazone,Bol,pyrazolone,antipyrine,2206,VEQOALNAAJBPNY-UHFFFAOYSA-N,CC1=CC(=O)N(N1C)C2=CC=CC=C2,Cc1cc(=O)n(-c2ccccc2)n1C,OK,OK,
caffeine,Bol,adjuvant,caffeine,2519,RYYVLZVUVIJVGH-UHFFFAOYSA-N,CN1C=NC2=C1C(=O)N(C(=O)N2C)C,Cn1c(=O)c2c(ncn2C)n(C)c1=O,OK,OK,
codeine,Bol,opioid_like,codeine,5284371,OROGSEYTTFOCAN-DNJOTXNNSA-N,CN1CC[C@]23[C@@H]4[C@H]1CC5=C2C(=C(C=C5)OC)O[C@H]3[C@H](C=C4)O,COc1ccc2c3c1O[C@H]1[C@@H](O)C=C[C@H]4[C@@H](C2)N(C)CC[C@@]341,OK,OK,
tramadol,Bol,opioid_like,tramadol,33741,TVYLLZQTGLZFBW-ZBFHGGJFSA-N,CN(C)C[C@H]1CCCC[C@@]1(C2=CC(=CC=C2)OC)O,COc1cccc([C@@]2(O)CCCC[C@@H]2CN(C)C)c1,OK,OK,
benzydamine,Bol,local_antiinflammatory,benzydamine,12555,CNBGNNVCVSKAQZ-UHFFFAOYSA-N,CN(C)CCCOC1=NN(C2=CC=CC=C21)CC3=CC=CC=C3,CN(C)CCCOc1nn(Cc2ccccc2)c2ccccc12,OK,OK,
benzocaine,Bol,local_anesthetic,benzocaine,2337,BLFLLBZGZJTVJG-UHFFFAOYSA-N,CCOC(=O)C1=CC=C(C=C1)N,CCOC(=O)c1ccc(N)cc1,OK,OK,
cetirizine,Oddech,antihistamine,cetirizine,2678,ZKLPARSLTMPFCP-UHFFFAOYSA-N,C1CN(CCN1CCOCC(=O)O)C(C2=CC=CC=C2)C3=CC=C(C=C3)Cl,O=C(O)COCCN1CCN(C(c2ccccc2)c2ccc(Cl)cc2)CC1,OK,OK,
levocetirizine,Oddech,antihistamine,levocetirizine,1549000,ZKLPARSLTMPFCP-OAQYLSRUSA-N,C1CN(CCN1CCOCC(=O)O)[C@H](C2=CC=CC=C2)C3=CC=C(C=C3)Cl,O=C(O)COCCN1CCN([C@H](c2ccccc2)c2ccc(Cl)cc2)CC1,OK,OK,
loratadine,Oddech,antihistamine,loratadine,3957,JCCNYMKQOSZNPW-UHFFFAOYSA-N,CCOC(=O)N1CCC(=C2C3=C(CCC4=C2N=CC=C4)C=C(C=C3)Cl)CC1,CCOC(=O)N1CCC(=C2c3ccc(Cl)cc3CCc3cccnc32)CC1,OK,OK,
desloratadine,Oddech,antihistamine,desloratadine,124087,JAUOIFJMECXRGI-UHFFFAOYSA-N,C1CC2=C(C=CC(=C2)Cl)C(=C3CCNCC3)C4=C1C=CC=N4,Clc1ccc2c(c1)CCc1cccnc1C2=C1CCNCC1,OK,OK,
fexofenadine,Oddech,antihistamine,fexofenadine,3348,RWTNPBWLLIMQHL-UHFFFAOYSA-N,CC(C)(C1=CC=C(C=C1)C(CCCN2CCC(CC2)C(C3=CC=CC=C3)(C4=CC=CC=C4)O)O)C(=O)O,CC(C)(C(=O)O)c1ccc(C(O)CCCN2CCC(C(O)(c3ccccc3)c3ccccc3)CC2)cc1,OK,OK,
bilastine,Oddech,antihistamine,bilastine,185460,ACCMWZWAEFYUGZ-UHFFFAOYSA-N,CCOCCN1C2=CC=CC=C2N=C1C3CCN(CC3)CCC4=CC=C(C=C4)C(C)(C)C(=O)O,CCOCCn1c(C2CCN(CCc3ccc(C(C)(C)C(=O)O)cc3)CC2)nc2ccccc21,OK,OK,
ebastine,Oddech,antihistamine,ebastine,3191,MJJALKDDGIKVBE-UHFFFAOYSA-N,CC(C)(C)C1=CC=C(C=C1)C(=O)CCCN2CCC(CC2)OC(C3=CC=CC=C3)C4=CC=CC=C4,CC(C)(C)c1ccc(C(=O)CCCN2CCC(OC(c3ccccc3)c3ccccc3)CC2)cc1,OK,OK,
rupatadine,Oddech,antihistamine,rupatadine,133017,WUZYKBABMWJHDL-UHFFFAOYSA-N,CC1=CC(=CN=C1)CN2CCC(=C3C4=C(CCC5=C3N=CC=C5)C=C(C=C4)Cl)CC2,Cc1cncc(CN2CCC(=C3c4ccc(Cl)cc4CCc4cccnc43)CC2)c1,OK,OK,
diphenhydramine,Oddech,antihistamine,diphenhydramine,3100,ZZVUWRFHKOJYTH-UHFFFAOYSA-N,CN(C)CCOC(C1=CC=CC=C1)C2=CC=CC=C2,CN(C)CCOC(c1ccccc1)c1ccccc1,OK,OK,
chlorpheniramine,Oddech,antihistamine,chlorpheniramine,2725,SOYKEARSMXGVTM-UHFFFAOYSA-N,CN(C)CCC(C1=CC=C(C=C1)Cl)C2=CC=CC=N2,CN(C)CCC(c1ccc(Cl)cc1)c1ccccn1,OK,OK,
clemastine,Oddech,antihistamine,clemastine,26987,YNNUSGIPVFPVBX-NHCUHLMSSA-N,C[C@@](C1=CC=CC=C1)(C2=CC=C(C=C2)Cl)OCC[C@H]3CCCN3C,CN1CCC[C@@H]1CCO[C@](C)(c1ccccc1)c1ccc(Cl)cc1,OK,OK,
hydroxyzine,Oddech,antihistamine,hydroxyzine,3658,ZQDWXGKKHFNSQK-UHFFFAOYSA-N,C1CN(CCN1CCOCCO)C(C2=CC=CC=C2)C3=CC=C(C=C3)Cl,OCCOCCN1CCN(C(c2ccccc2)c2ccc(Cl)cc2)CC1,OK,OK,
phenylephrine,Oddech,decongestant,phenylephrine,6041,SONNWYBIRXJNDC-VIFPVBQESA-N,CNC[C@@H](C1=CC(=CC=C1)O)O,CNC[C@H](O)c1cccc(O)c1,OK,OK,
pseudoephedrine,Oddech,decongestant,pseudoephedrine,7028,KWGRBVOPPLSCSI-WCBMZHEXSA-N,C[C@@H]([C@H](C1=CC=CC=C1)O)NC,CN[C@@H](C)[C@@H](O)c1ccccc1,OK,OK,
ephedrine,Oddech,decongestant,ephedrine,9294,KWGRBVOPPLSCSI-WPRPVWTQSA-N,C[C@@H]([C@@H](C1=CC=CC=C1)O)NC,CN[C@@H](C)[C@H](O)c1ccccc1,OK,OK,
xylometazoline,Oddech,decongestant,xylometazoline,5709,HUCJFAOMUPXHDK-UHFFFAOYSA-N,CC1=CC(=CC(=C1CC2=NCCN2)C)C(C)(C)C,Cc1cc(C(C)(C)C)cc(C)c1CC1=NCCN1,OK,OK,
oxymetazoline,Oddech,decongestant,oxymetazoline,4636,WYWIFABBXFUGLM-UHFFFAOYSA-N,CC1=CC(=C(C(=C1CC2=NCCN2)C)O)C(C)(C)C,Cc1cc(C(C)(C)C)c(O)c(C)c1CC1=NCCN1,OK,OK,
naphazoline,Oddech,decongestant,naphazoline,4436,CNIIGCLFLJGOGP-UHFFFAOYSA-N,C1CN=C(N1)CC2=CC=CC3=CC=CC=C32,c1ccc2c(CC3=NCCN3)cccc2c1,OK,OK,
dextromethorphan,Oddech,antitussive,dextromethorphan,5360696,MKXZASYAUGDDCJ-NJAFHUGGSA-N,CN1CC[C@@]23CCCC[C@@H]2[C@@H]1CC4=C3C=C(C=C4)OC,COc1ccc2c(c1)[C@]13CCCC[C@@H]1[C@H](C2)N(C)CC3,OK,OK,
butamirate,Oddech,antitussive,butamirate citrate,28891,JVKMHUAWFDGPTF-UHFFFAOYSA-N,CCC(C1=CC=CC=C1)C(=O)OCCOCCN(CC)CC.C(C(=O)O)C(CC(=O)O)(C(=O)O)O,CCC(C(=O)OCCOCCN(CC)CC)c1ccccc1,OK,OK,
noscapine,Oddech,antitussive,noscapine,275196,AKNNEGZIBPJZJG-MSOLQXFVSA-N,CN1CCC2=CC3=C(C(=C2[C@@H]1[C@@H]4C5=C(C(=C(C=C5)OC)OC)C(=O)O4)OC)OCO3,COc1ccc2c(c1OC)C(=O)O[C@@H]2[C@H]1c2c(cc3c(c2OC)OCO3)CCN1C,OK,OK,
ambroxol,Oddech,mucolytic,ambroxol,2132,JBDGDEWWOUBZPM-UHFFFAOYSA-N,C1CC(CCC1NCC2=C(C(=CC(=C2)Br)Br)N)O,Nc1c(Br)cc(Br)cc1CNC1CCC(O)CC1,OK,OK,
bromhexine,Oddech,mucolytic,bromhexine,2442,OJGDCBLYJGHCIH-UHFFFAOYSA-N,CN(CC1=C(C(=CC(=C1)Br)Br)N)C2CCCCC2,CN(Cc1cc(Br)cc(Br)c1N)C1CCCCC1,OK,OK,
guaifenesin,Oddech,mucolytic,guaifenesin,3516,HSRJKNPTNIJEKV-UHFFFAOYSA-N,COC1=CC=CC=C1OCC(CO)O,COc1ccccc1OCC(O)CO,OK,OK,
acetylcysteine,Oddech,mucolytic,acetylcysteine,12035,PWKSKIMOESPYIA-BYPYZUCNSA-N,CC(=O)N[C@@H](CS)C(=O)O,CC(=O)N[C@@H](CS)C(=O)O,OK,OK,
carbocisteine,Oddech,mucolytic,carbocysteine,193653,GBFLZEXEOZUWRN-VKHMYHEASA-N,C([C@@H](C(=O)O)N)SCC(=O)O,N[C@@H](CSCC(=O)O)C(=O)O,OK,OK,
erdosteine,Oddech,mucolytic,erdosteine,65632,QGFORSXNKQLDNO-UHFFFAOYSA-N,C1CSC(=O)C1NC(=O)CSCC(=O)O,O=C(O)CSCC(=O)NC1CCSC1=O,OK,OK,
salbutamol,Oddech,bronchodilator,albuterol,2083,NDAUXUAQIAJITI-UHFFFAOYSA-N,CC(C)(C)NCC(C1=CC(=C(C=C1)O)CO)O,CC(C)(C)NCC(O)c1ccc(O)c(CO)c1,OK,OK,
montelukast,Oddech,leukotriene_antagonist,montelukast,5281040,UCHDWCPVSPXUMX-TZIWLTJVSA-N,CC(C)(C1=CC=CC=C1CC[C@H](C2=CC=CC(=C2)/C=C/C3=NC4=C(C=CC(=C4)Cl)C=C3)SCC5(CC5)CC(=O)O)O,CC(C)(O)c1ccccc1CC[C@@H](SCC1(CC(=O)O)CC1)c1cccc(/C=C/c2ccc3ccc(Cl)cc3n2)c1,OK,OK,
azelastine,Oddech,nasal_antihistamine,azelastine,2267,MBUVEWMHONZEQD-UHFFFAOYSA-N,CN1CCCC(CC1)N2C(=O)C3=CC=CC=C3C(=N2)CC4=CC=C(C=C4)Cl,CN1CCCC(n2nc(Cc3ccc(Cl)cc3)c3ccccc3c2=O)CC1,OK,OK,
omeprazole,Gastro,ppi,omeprazole,4594,SUBDBMMJDZJVOS-UHFFFAOYSA-N,CC1=CN=C(C(=C1OC)C)CS(=O)C2=NC3=C(N2)C=C(C=C3)OC,COc1ccc2nc([S+]([O-])Cc3ncc(C)c(OC)c3C)[nH]c2c1,OK,OK,
esomeprazole,Gastro,ppi,esomeprazole,9568614,SUBDBMMJDZJVOS-DEOSSOPVSA-N,CC1=CN=C(C(=C1OC)C)C[S@](=O)C2=NC3=C(N2)C=C(C=C3)OC,COc1ccc2nc([S@@+]([O-])Cc3ncc(C)c(OC)c3C)[nH]c2c1,OK,OK,
pantoprazole,Gastro,ppi,pantoprazole,4679,IQPSEEYGBUAQFF-UHFFFAOYSA-N,COC1=C(C(=NC=C1)CS(=O)C2=NC3=C(N2)C=C(C=C3)OC(F)F)OC,COc1ccnc(C[S+]([O-])c2nc3ccc(OC(F)F)cc3[nH]2)c1OC,OK,OK,
lansoprazole,Gastro,ppi,lansoprazole,3883,MJIHNNLFOKEZEW-UHFFFAOYSA-N,CC1=C(C=CN=C1CS(=O)C2=NC3=CC=CC=C3N2)OCC(F)(F)F,Cc1c(OCC(F)(F)F)ccnc1C[S+]([O-])c1nc2ccccc2[nH]1,OK,OK,
rabeprazole,Gastro,ppi,rabeprazole,5029,YREYEVIYCVEVJK-UHFFFAOYSA-N,CC1=C(C=CN=C1CS(=O)C2=NC3=CC=CC=C3N2)OCCCOC,COCCCOc1ccnc(C[S+]([O-])c2nc3ccccc3[nH]2)c1C,OK,OK,
famotidine,Gastro,h2_blocker,famotidine,5702160,XUFQPHANEAPEMJ-UHFFFAOYSA-N,C1=C(N=C(S1)N=C(N)N)CSCC/C(=N/S(=O)(=O)N)/N,NC(N)=Nc1nc(CSCC/C(N)=N/S(N)(=O)=O)cs1,OK,OK,
cimetidine,Gastro,h2_blocker,cimetidine,2756,AQIXAKUUQRKLND-UHFFFAOYSA-N,CC1=C(N=CN1)CSCCNC(=NC)NC#N,CN=C(NC#N)NCCSCc1nc[nH]c1C,OK,OK,
ranitidine,Gastro,h2_blocker,ranitidine,3001055,VMXUWOKSQNHOCA-UKTHLTGXSA-N,CN/C(=C\[N+](=O)[O-])/NCCSCC1=CC=C(O1)CN(C)C,CN/C(=C\[N+](=O)[O-])NCCSCc1ccc(CN(C)C)o1,OK,OK,
nizatidine,Gastro,h2_blocker,nizatidine,4513,SGXXNSQHWDMGGP-UHFFFAOYSA-N,CNC(=C[N+](=O)[O-])NCCSCC1=CSC(=N1)CN(C)C,CNC(=C[N+](=O)[O-])NCCSCc1csc(CN(C)C)n1,OK,OK,
lafutidine,Gastro,h2_blocker,lafutidine,5282136,KMZQAVXSMUKBPD-DJWKRKHSSA-N,C1CCN(CC1)CC2=CC(=NC=C2)OC/C=C\CNC(=O)CS(=O)CC3=CC=CO3,O=C(C[S+]([O-])Cc1ccco1)NC/C=C\COc1cc(CN2CCCCC2)ccn1,OK,OK,
loperamide,Gastro,antidiarrheal,loperamide,3955,RDOIQAHITMMDAJ-UHFFFAOYSA-N,CN(C)C(=O)C(CCN1CCC(CC1)(C2=CC=C(C=C2)Cl)O)(C3=CC=CC=C3)C4=CC=CC=C4,CN(C)C(=O)C(CCN1CCC(O)(c2ccc(Cl)cc2)CC1)(c1ccccc1)c1ccccc1,OK,OK,
diphenoxylate,Gastro,antidiarrheal,diphenoxylate,13505,HYPPXZBJBPSRLK-UHFFFAOYSA-N,CCOC(=O)C1(CCN(CC1)CCC(C#N)(C2=CC=CC=C2)C3=CC=CC=C3)C4=CC=CC=C4,CCOC(=O)C1(c2ccccc2)CCN(CCC(C#N)(c2ccccc2)c2ccccc2)CC1,OK,OK,
racecadotril,Gastro,antidiarrheal,racecadotril,107751,ODUOJXZPIYUATO-UHFFFAOYSA-N,CC(=O)SCC(CC1=CC=CC=C1)C(=O)NCC(=O)OCC2=CC=CC=C2,CC(=O)SCC(Cc1ccccc1)C(=O)NCC(=O)OCc1ccccc1,OK,OK,
metoclopramide,Gastro,antiemetic_prokinetic,metoclopramide,4168,TTWJBBZEZQICBI-UHFFFAOYSA-N,CCN(CC)CCNC(=O)C1=CC(=C(C=C1OC)N)Cl,CCN(CC)CCNC(=O)c1cc(Cl)c(N)cc1OC,OK,OK,
domperidone,Gastro,antiemetic_prokinetic,domperidone,3151,FGXWKSZFVQUSTL-UHFFFAOYSA-N,C1CN(CCC1N2C3=C(C=C(C=C3)Cl)NC2=O)CCCN4C5=CC=CC=C5NC4=O,O=c1[nH]c2ccccc2n1CCCN1CCC(n2c(=O)[nH]c3cc(Cl)ccc32)CC1,OK,OK,
ondansetron,Gastro,antiemetic_prokinetic,ondansetron,4595,FELGMEQIXOGIFQ-UHFFFAOYSA-N,CC1=NC=CN1CC2CCC3=C(C2=O)C4=CC=CC=C4N3C,Cc1nccn1CC1CCc2c(c3ccccc3n2C)C1=O,OK,OK,
granisetron,Gastro,antiemetic_prokinetic,granisetron,5284566,MFWNKCLOYSRHCJ-AGUYFDCRSA-N,CN1[C@@H]2CCC[C@H]1CC(C2)NC(=O)C3=NN(C4=CC=CC=C43)C,CN1[C@@H]2CCC[C@H]1CC(NC(=O)c1nn(C)c3ccccc13)C2,OK,OK,
itopride,Gastro,antiemetic_prokinetic,itopride,3792,QQQIECGTIMUVDS-UHFFFAOYSA-N,CN(C)CCOC1=CC=C(C=C1)CNC(=O)C2=CC(=C(C=C2)OC)OC,COc1ccc(C(=O)NCc2ccc(OCCN(C)C)cc2)cc1OC,OK,OK,
mosapride,Gastro,antiemetic_prokinetic,mosapride,119584,YPELFRMCRYSPKZ-UHFFFAOYSA-N,CCOC1=CC(=C(C=C1C(=O)NCC2CN(CCO2)CC3=CC=C(C=C3)F)Cl)N,CCOc1cc(N)c(Cl)cc1C(=O)NCC1CN(Cc2ccc(F)cc2)CCO1,OK,OK,
prucalopride,Gastro,antiemetic_prokinetic,prucalopride,3052762,ZPMNHBXQOOVQJL-UHFFFAOYSA-N,COCCCN1CCC(CC1)NC(=O)C2=CC(=C(C3=C2OCC3)N)Cl,COCCCN1CCC(NC(=O)c2cc(Cl)c(N)c3c2OCC3)CC1,OK,OK,
hyoscine,Gastro,antispasmodic,scopolamine,3000322,STECJAGHUSJQJN-USLFZFAMSA-N,CN1[C@@H]2CC(C[C@H]1[C@H]3[C@@H]2O3)OC(=O)[C@H](CO)C4=CC=CC=C4,CN1[C@@H]2CC(OC(=O)[C@H](CO)c3ccccc3)C[C@H]1[C@@H]1O[C@@H]12,OK,OK,
drotaverine,Gastro,antispasmodic,drotaverine,1712095,OMFNSKIUKYOYRG-MOSHPQCFSA-N,CCOC1=C(C=C(C=C1)/C=C\2/C3=CC(=C(C=C3CCN2)OCC)OCC)OCC,CCOc1ccc(/C=C2\NCCc3cc(OCC)c(OCC)cc32)cc1OCC,OK,OK,
mebeverine,Gastro,antispasmodic,mebeverine,4031,VYVKHNNGDFVQGA-UHFFFAOYSA-N,CCN(CCCCOC(=O)C1=CC(=C(C=C1)OC)OC)C(C)CC2=CC=C(C=C2)OC,CCN(CCCCOC(=O)c1ccc(OC)c(OC)c1)C(C)Cc1ccc(OC)cc1,OK,OK,
trimebutine,Gastro,antispasmodic,trimebutine,5573,LORDFXWUHHSAQU-UHFFFAOYSA-N,CCC(COC(=O)C1=CC(=C(C(=C1)OC)OC)OC)(C2=CC=CC=C2)N(C)C,CCC(COC(=O)c1cc(OC)c(OC)c(OC)c1)(c1ccccc1)N(C)C,OK,OK,
alverine,Gastro,antispasmodic,alverine,3678,ZPFXAOWNKLFJDN-UHFFFAOYSA-N,CCN(CCCC1=CC=CC=C1)CCCC2=CC=CC=C2,CCN(CCCc1ccccc1)CCCc1ccccc1,OK,OK,
otilonium,Gastro,antispasmodic,otilonium bromide,72092,VWZPIJGXYWHBOW-UHFFFAOYSA-N,CCCCCCCCOC1=CC=CC=C1C(=O)NC2=CC=C(C=C2)C(=O)OCC[N+](C)(CC)CC.[Br-],CCCCCCCCOc1ccccc1C(=O)Nc1ccc(C(=O)OCC[N+](C)(CC)CC)cc1,OK,OK,
pinaverium,Gastro,antispasmodic,pinaverium bromide,40703,IKGXLCMLVINENI-UHFFFAOYSA-M,CC1(C2CCC(C1C2)CCOCC[N+]3(CCOCC3)CC4=CC(=C(C=C4Br)OC)OC)C.[Br-],COc1cc(Br)c(C[N+]2(CCOCCC3CCC4CC3C4(C)C)CCOCC2)cc1OC,OK,OK,
dicyclomine,Gastro,antispasmodic,dicyclomine,3042,CURUTKGFNZGFSE-UHFFFAOYSA-N,CCN(CC)CCOC(=O)C1(CCCCC1)C2CCCCC2,CCN(CC)CCOC(=O)C1(C2CCCCC2)CCCCC1,OK,OK,
bisacodyl,Gastro,laxative,bisacodyl,2391,KHOITXIGCFIULA-UHFFFAOYSA-N,CC(=O)OC1=CC=C(C=C1)C(C2=CC=C(C=C2)OC(=O)C)C3=CC=CC=N3,CC(=O)Oc1ccc(C(c2ccc(OC(C)=O)cc2)c2ccccn2)cc1,OK,OK,
picosulfate,Gastro,laxative,sodium picosulfate,68654,GOZDTZWAMGHLDY-UHFFFAOYSA-L,C1=CC=NC(=C1)C(C2=CC=C(C=C2)OS(=O)(=O)[O-])C3=CC=C(C=C3)OS(=O)(=O)[O-].[Na+].[Na+],O=S(=O)(O)Oc1ccc(C(c2ccc(OS(=O)(=O)O)cc2)c2ccccn2)cc1,OK,OK,
