compound_name,group,subgroup,pubchem_query,pubchem_cid,pubchem_inchikey,pubchem_smiles,canonical_smiles,standardization_status,fetch_status,fetch_error,standardized_inchikey,duplicate_of,MolWt,ExactMolWt,HeavyAtomCount,MolLogP,MolMR,TPSA,HBD,HBA,RotBonds,RingCount,AromaticRingCount,AliphaticRingCount,FractionCSP3,FormalCharge,NumHeteroatoms,NumAmideBonds,NumSaturatedRings,NumAromaticHeterocycles,NumAromaticCarbocycles,BalabanJ,BertzCT,HallKierAlpha,Ipc,Kappa1,Kappa2,Kappa3,Chi0,Chi1,Chi0n,Chi1n,Chi0v,Chi1v
acetaminophen,Bol,anilide,acetaminophen,1983,RZVAJINKPMORJF-UHFFFAOYSA-N,CC(=O)NC1=CC=C(C=C1)O,CC(=O)Nc1ccc(O)cc1,OK,OK,,RZVAJINKPMORJF-UHFFFAOYSA-N,,151.165,151.063328528,11,1.3505999999999998,42.41050000000002,49.33,2,2,1,1,1,0,0.125,0,3,1,0,0,1,2.7362980721056545,253.2994975838911,-1.51,285.51074052739676,7.595374077976819,3.0531381005525,2.292303972882069,8.267584713501616,5.1815405503520555,6.164862962722325,3.2490981480278296,6.164862962722325,3.2490981480278296
ibuprofen,Bol,nsaid_propionic,ibuprofen,3672,HEFNNWSXXWATRW-UHFFFAOYSA-N,CC(C)CC1=CC=C(C=C1)C(C)C(=O)O,CC(C)Cc1ccc(C(C)C(=O)O)cc1,OK,OK,,HEFNNWSXXWATRW-UHFFFAOYSA-N,,206.28499999999997,206.130679816,15,3.073200000000001,61.03480000000004,37.3,1,1,4,1,1,0,0.46153846153846156,0,2,0,0,0,1,2.7590371332701524,324.8941190021566,-1.31,1862.335967918465,11.763046018991963,4.964460295417243,3.387630631562938,11.422285251880869,7.002907755397974,9.526670282288125,5.320300905843471,9.526670282288125,5.320300905843471
naproxen,Bol,nsaid_propionic,naproxen,156391,CMWTZPSULFXXJA-VIFPVBQESA-N,C[C@@H](C1=CC2=C(C=C1)C=C(C=C2)OC)C(=O)O,COc1ccc2cc([C@H](C)C(=O)O)ccc2c1,OK,OK,,CMWTZPSULFXXJA-VIFPVBQESA-N,,230.26299999999998,230.094294308,17,3.036500000000001,66.55080000000004,46.53,1,2,3,2,2,0,0.21428571428571427,0,3,0,0,0,2,2.4789644386388336,560.3959195741091,-2.03,7938.521015168045,11.455255502156714,4.454042614687935,2.228492726961196,12.41384908344359,8.113392202930193,9.805162060755068,5.420871660482128,9.805162060755068,5.420871660482128
ketoprofen,Bol,nsaid_propionic,ketoprofen,3825,DKYWVDODHFEZIM-UHFFFAOYSA-N,CC(C1=CC(=CC=C1)C(=O)C2=CC=CC=C2)C(=O)O,CC(C(=O)O)c1cccc(C(=O)c2ccccc2)c1,OK,OK,,DKYWVDODHFEZIM-UHFFFAOYSA-N,,254.285,254.094294308,19,3.1057000000000006,72.36730000000004,54.370000000000005,1,2,4,2,2,0,0.125,0,3,0,0,0,2,2.3400417314396122,602.4009276194483,-2.42,22591.317090460372,13.022119949627315,5.48174392776679,2.8809965743383805,13.828062645816686,9.092224152875016,10.537212868323945,6.018606434161971,10.537212868323945,6.018606434161971
dexketoprofen,Bol,nsaid_propionic,dexketoprofen,667550,DKYWVDODHFEZIM-NSHDSACASA-N,C[C@@H](C1=CC(=CC=C1)C(=O)C2=CC=CC=C2)C(=O)O,C[C@H](C(=O)O)c1cccc(C(=O)c2ccccc2)c1,OK,OK,,DKYWVDODHFEZIM-NSHDSACASA-N,,254.285,254.094294308,19,3.1057000000000006,72.36730000000004,54.370000000000005,1,2,4,2,2,0,0.125,0,3,0,0,0,2,2.3400417314396122,602.4009276194483,-2.42,22591.317090460372,13.022119949627315,5.48174392776679,2.8809965743383805,13.828062645816686,9.092224152875016,10.537212868323945,6.018606434161971,10.537212868323945,6.018606434161971
flurbiprofen,Bol,nsaid_propionic,flurbiprofen,3394,SYTBZMRGLBWNTM-UHFFFAOYSA-N,CC(C1=CC(=C(C=C1)C2=CC=CC=C2)F)C(=O)O,CC(C(=O)O)c1ccc(-c2ccccc2)c(F)c1,OK,OK,,SYTBZMRGLBWNTM-UHFFFAOYSA-N,,244.265,244.089957876,18,3.6808000000000023,67.88680000000002,37.3,1,1,3,2,2,0,0.13333333333333333,0,3,0,0,0,2,2.4013638717125736,563.9612141459354,-2.1599999999999997,12990.19817482377,12.300954293871056,5.001422908877978,2.399039500976548,13.120955864630139,8.592224152875016,9.929578781679682,5.670131192101321,9.929578781679682,5.670131192101321
fenoprofen,Bol,nsaid_propionic,fenoprofen,3342,RDJGLLICXDHJDY-UHFFFAOYSA-N,CC(C1=CC(=CC=C1)OC2=CC=CC=C2)C(=O)O,CC(C(=O)O)c1cccc(Oc2ccccc2)c1,OK,OK,,RDJGLLICXDHJDY-UHFFFAOYSA-N,,242.274,242.094294308,18,3.6670000000000025,69.00880000000004,46.53,1,2,4,2,2,0,0.13333333333333333,0,3,0,0,0,2,2.2004230467040573,534.4447945489236,-2.2899999999999996,14082.715728751731,12.174429825362497,5.361092663978125,2.8844001158568524,12.957819157813608,8.664703797946448,10.037212868323945,5.722730579393904,10.037212868323945,5.722730579393904
tiaprofenic acid,Bol,nsaid_propionic,tiaprofenic acid,5468,GUHPRPJDBZHYCJ-UHFFFAOYSA-N,CC(C1=CC=C(S1)C(=O)C2=CC=CC=C2)C(=O)O,CC(C(=O)O)c1ccc(C(=O)c2ccccc2)s1,OK,OK,,GUHPRPJDBZHYCJ-UHFFFAOYSA-N,,260.31399999999996,260.050715244,18,3.167200000000001,70.24430000000002,54.370000000000005,1,3,4,2,2,0,0.14285714285714285,0,4,0,0,1,1,2.257472117977395,571.7348569747639,-1.9399999999999995,16956.097076458358,12.515189531740264,5.142856035306582,2.4858148136937883,13.120955864630139,8.592224152875016,9.790760620408555,5.516171122102876,10.607257201336282,6.332667703030602
aspirin,Bol,nsaid_salicylate,aspirin,2244,BSYNRYMUTXBXSQ-UHFFFAOYSA-N,CC(=O)OC1=CC=CC=C1C(=O)O,CC(=O)Oc1ccccc1C(=O)O,OK,OK,,BSYNRYMUTXBXSQ-UHFFFAOYSA-N,,180.15899999999996,180.042258736,13,1.3101,44.71030000000002,63.60000000000001,1,3,2,1,1,0,0.1111111111111111,0,4,0,0,0,1,3.0435273546341013,343.22286772671646,-1.8399999999999999,729.6807528797516,9.249605734767023,3.7092512583454584,2.297415032519928,9.844934982691242,6.109060905280622,6.9813595436500515,3.6174536478673316,6.9813595436500515,3.6174536478673316
salicylic acid,Bol,nsaid_salicylate,salicylic acid,338,YGSDEFSMJLZEOE-UHFFFAOYSA-N,C1=CC=C(C(=C1)C(=O)O)O,O=C(O)c1ccccc1O,OK,OK,,YGSDEFSMJLZEOE-UHFFFAOYSA-N,,138.12199999999999,138.031694052,10,1.0903999999999998,35.06609999999999,57.53,2,2,1,1,1,0,0.0,0,3,0,0,0,1,3.1529414466808685,254.78306142431708,-1.51,182.2382192735223,6.607785630153122,2.389632707443791,1.0748936229840518,7.5604779323150675,4.71521405516327,5.112076558222283,2.728688009921516,5.112076558222283,2.728688009921516
diclofenac,Bol,nsaid_acetic,diclofenac,3033,DCOPUUMXTXDBNB-UHFFFAOYSA-N,C1=CC=C(C(=C1)CC(=O)O)NC2=C(C=CC=C2Cl)Cl,O=C(O)Cc1ccccc1Nc1c(Cl)cccc1Cl,OK,OK,,DCOPUUMXTXDBNB-UHFFFAOYSA-N,,296.153,295.01668395200005,19,4.364100000000001,77.52650000000003,49.33,2,2,4,2,2,0,0.07142857142857142,0,5,0,0,0,2,2.3558879442321032,593.8950014443017,-1.7099999999999995,18978.935565489523,13.715440199973633,5.9544053534163845,3.397616957868233,13.828062645816685,9.075387400469408,9.859949497496205,5.584169402223603,11.371807389533116,6.3400983482420585
aceclofenac,Bol,nsaid_acetic,aceclofenac,71771,MNIPYSSQXLZQLJ-UHFFFAOYSA-N,C1=CC=C(C(=C1)CC(=O)OCC(=O)O)NC2=C(C=CC=C2Cl)Cl,O=C(O)COC(=O)Cc1ccccc1Nc1c(Cl)cccc1Cl,OK,OK,,MNIPYSSQXLZQLJ-UHFFFAOYSA-N,,354.18899999999996,353.022163256,23,3.907300000000002,88.48550000000003,75.63000000000001,2,4,6,2,2,0,0.125,0,7,0,0,0,2,2.1753707068699124,713.5202167690672,-2.2399999999999993,125088.26390495044,17.11919928633218,7.852116863221183,4.873913787667224,16.81962647737941,10.96923425058676,11.883552859610479,6.634646217875553,13.39541075164739,7.390575163894009
indomethacin,Bol,nsaid_acetic,indomethacin,3715,CGIGDMFJXJATDK-UHFFFAOYSA-N,CC1=C(C2=C(N1C(=O)C3=CC=C(C=C3)Cl)C=CC(=C2)OC)CC(=O)O,COc1ccc2c(c1)c(CC(=O)O)c(C)n2C(=O)c1ccc(Cl)cc1,OK,OK,,CGIGDMFJXJATDK-UHFFFAOYSA-N,,357.7930000000002,357.0767856719999,25,3.9273200000000026,95.74730000000005,68.53,1,3,4,3,3,0,0.15789473684210525,0,6,0,0,1,2,2.232371733378278,973.2479304430422,-2.7899999999999996,468921.44290781184,17.04669994118993,6.607181634243952,3.1046664994872564,18.137463722575188,11.917922655570505,13.745695200914664,7.62053801160924,14.501624146933118,7.998502484618467
ketorolac,Bol,nsaid_acetic,ketorolac,3826,OZWKMVRBQXNZKK-UHFFFAOYSA-N,C1CN2C(=CC=C2C(=O)C3=CC=CC=C3)C1C(=O)O,O=C(c1ccccc1)c1ccc2n1CCC2C(=O)O,OK,OK,,OZWKMVRBQXNZKK-UHFFFAOYSA-N,,255.273,255.089543276,19,2.291,69.30030000000004,59.3,1,2,3,3,2,1,0.2,0,4,0,0,1,1,1.9881168620497738,642.6652275716832,-2.36,39227.76550206533,11.71480336716462,4.387759596716938,1.8518175588367969,13.40541291500631,9.181540550352056,10.243939487817746,6.202262214430046,10.243939487817746,6.202262214430046
mefenamic acid,Bol,nsaid_fenamate,mefenamic acid,4044,HYYBABOKPJLUIN-UHFFFAOYSA-N,CC1=C(C(=CC=C1)NC2=CC=CC=C2C(=O)O)C,Cc1cccc(Nc2ccccc2C(=O)O)c1C,OK,OK,,HYYBABOKPJLUIN-UHFFFAOYSA-N,,241.29,241.11027872,18,3.7452400000000017,72.60000000000004,49.33,2,2,3,2,2,0,0.13333333333333333,0,3,0,0,0,2,2.402484300749035,590.7975148337515,-2.2899999999999996,12394.310314522927,12.174429825362497,4.918407118135079,2.3483829738413826,13.120955864630139,8.592224152875016,10.396913770291205,5.74909814802783,10.396913770291205,5.74909814802783
tolfenamic acid,Bol,nsaid_fenamate,tolfenamic acid,610479,YEZNLOUZAIOMLT-UHFFFAOYSA-N,CC1=C(C=CC=C1Cl)NC2=CC=CC=C2C(=O)O,Cc1c(Cl)cccc1Nc1ccccc1C(=O)O,OK,OK,,YEZNLOUZAIOMLT-UHFFFAOYSA-N,,261.70799999999997,261.055656304,18,4.090220000000002,72.87300000000002,49.33,2,2,3,2,2,0,0.07142857142857142,0,4,0,0,0,2,2.4024843007490344,596.0979048590729,-1.9999999999999996,12394.310314522927,12.456747404844291,5.104166666666667,2.4620187304890737,13.120955864630139,8.592224152875016,9.77487824330043,5.4380803845324435,10.530807189318883,5.81604485754167
meloxicam,Bol,nsaid_oxicam,meloxicam,54677470,ZRVUJXDFFKFLMG-UHFFFAOYSA-N,CC1=CN=C(S1)NC(=O)C2=C(C3=CC=CC=C3S(=O)(=O)N2C)O,Cc1cnc(NC(=O)C2=C(O)c3ccccc3S(=O)(=O)N2C)s1,OK,OK,,ZRVUJXDFFKFLMG-UHFFFAOYSA-N,,351.4090000000001,351.034747896,23,1.9509199999999998,86.42030000000004,99.6,2,6,2,3,2,1,0.14285714285714285,0,9,1,0,1,1,2.086827219746808,931.0039542533557,-2.3899999999999997,168046.91473444315,15.503582135477622,5.355825178237105,2.470915259971133,16.775656403009393,10.819404336325702,12.26963358476732,6.574662382377611,13.902626746622772,8.831222292105975
piroxicam,Bol,nsaid_oxicam,piroxicam,54676228,QYSPLQLAKJAUJT-UHFFFAOYSA-N,CN1C(=C(C2=CC=CC=C2S1(=O)=O)O)C(=O)NC3=CC=CC=N3,CN1C(C(=O)Nc2ccccn2)=C(O)c2ccccc2S1(=O)=O,OK,OK,,QYSPLQLAKJAUJT-UHFFFAOYSA-N,,331.353,331.062676896,23,1.5810000000000002,83.80630000000004,99.60000000000001,2,5,2,3,2,1,0.06666666666666667,0,8,1,0,1,1,2.0932817931934427,907.3290496863176,-2.8699999999999997,164390.10264508025,15.042183664330786,5.398063656574466,2.4232486117292016,16.61251969619286,10.925557486208348,12.093436101872335,6.6664140919137465,12.909932682800061,8.106477420714386
lornoxicam,Bol,nsaid_oxicam,lornoxicam,54690031,WLHQHAUOOXYABV-UHFFFAOYSA-N,CN1C(=C(C2=C(S1(=O)=O)C=C(S2)Cl)O)C(=O)NC3=CC=CC=N3,CN1C(C(=O)Nc2ccccn2)=C(O)c2sc(Cl)cc2S1(=O)=O,OK,OK,,WLHQHAUOOXYABV-UHFFFAOYSA-N,,371.82700000000006,370.98012548,23,2.2959000000000005,86.69330000000001,99.60000000000001,2,6,2,3,2,1,0.07692307692307693,0,10,1,0,2,0,2.0882203495254026,921.951206826328,-2.0999999999999996,167104.46225103823,15.782706279437843,5.5155368130290725,2.5606961417825627,16.77565640300939,10.8194043363257,11.647598057776547,6.263644618882224,14.036520165650455,8.898169001619816
nimesulide,Bol,nsaid_sulfonanilide,nimesulide,4495,HYWYRSMBCFDLJT-UHFFFAOYSA-N,CS(=O)(=O)NC1=C(C=C(C=C1)[N+](=O)[O-])OC2=CC=CC=C2,CS(=O)(=O)Nc1ccc([N+](=O)[O-])cc1Oc1ccccc1,OK,OK,,HYWYRSMBCFDLJT-UHFFFAOYSA-N,,308.315,308.046692484,21,2.7586000000000004,78.07890000000003,98.54,1,5,5,2,2,0,0.07692307692307693,0,8,0,0,0,2,2.4291766926242557,759.3860166888998,-2.6099999999999994,40099.974691084804,14.791944718770356,5.7959776764561335,4.180172369295591,15.45781915781361,9.84915520981396,11.015505491800146,5.841426703148626,11.832002072727873,7.73283824120688
celecoxib,Bol,nsaid_coxib,celecoxib,2662,RZEKVGVHFLEQIL-UHFFFAOYSA-N,CC1=CC=C(C=C1)C2=CC(=NN2C3=CC=C(C=C3)S(=O)(=O)N)C(F)(F)F,Cc1ccc(-c2cc(C(F)(F)F)nn2-c2ccc(S(N)(=O)=O)cc2)cc1,OK,OK,,RZEKVGVHFLEQIL-UHFFFAOYSA-N,,381.3790000000001,381.075882348,26,3.5139200000000015,90.11220000000003,77.98,1,3,3,3,3,0,0.11764705882352941,0,9,0,0,1,2,2.160670373157657,1038.352309274621,-2.649999999999999,574866.9522088347,18.150392143132244,6.257288917142293,3.630382561957936,19.112519696192862,12.05368002394561,13.526568173315447,7.431011521006022,14.343064754243173,8.977330998927583
etoricoxib,Bol,nsaid_coxib,etoricoxib,123619,MNJVRJDLRVPLFE-UHFFFAOYSA-N,CC1=NC=C(C=C1)C2=C(C=C(C=N2)Cl)C3=CC=C(C=C3)S(=O)(=O)C,Cc1ccc(-c2ncc(Cl)cc2-c2ccc(S(C)(=O)=O)cc2)cn1,OK,OK,,MNJVRJDLRVPLFE-UHFFFAOYSA-N,,358.8500000000001,358.0542764,24,4.175920000000003,95.76080000000002,59.92,0,4,3,3,3,0,0.1111111111111111,0,6,0,0,2,1,2.1335650269611928,982.5322761552856,-2.2399999999999998,244236.6748092237,16.611953882256913,6.338787742293893,3.4711425767133797,17.31962647737941,11.342355158540423,13.193288958107367,7.235050726476152,14.765714485053548,9.504426737543634
metamizole,Bol,pyrazolone,metamizole,3111,LVWZTYCIRDMTEY-UHFFFAOYSA-N,CC1=C(C(=O)N(N1C)C2=CC=CC=C2)N(C)CS(=O)(=O)O,Cc1c(N(C)CS(=O)(=O)O)c(=O)n(-c2ccccc2)n1C,OK,OK,,LVWZTYCIRDMTEY-UHFFFAOYSA-N,,311.36300000000006,311.09397702399997,21,0.7659199999999999,80.56560000000005,84.54,1,4,4,2,2,0,0.3076923076923077,0,8,0,0,1,1,2.588329530830611,805.9321855038761,-2.0599999999999996,37596.702886322615,15.331143339748435,5.377849347883951,3.006125990520758,15.784092571446669,9.721032672076701,12.015705670989963,6.224472549534765,12.832202251917689,7.833637857061166
propyphenazone,Bol,pyrazolone,propyphenazone,3778,PXWLVJLKJGVOKE-UHFFFAOYSA-N,CC1=C(C(=O)N(N1C)C2=CC=CC=C2)C(C)C,Cc1c(C(C)C)c(=O)n(-c2ccccc2)n1C,OK,OK,,PXWLVJLKJGVOKE-UHFFFAOYSA-N,,230.31100000000004,230.141913196,17,2.6078200000000002,69.83600000000004,26.93,0,1,2,2,2,0,0.35714285714285715,0,3,0,0,1,1,2.730260472737881,576.2599451429834,-1.7699999999999996,7726.100858320041,11.707729070975642,4.2424600382665165,1.8165360283398488,12.576985790260121,8.036581260209188,10.766777096601535,5.876217409478852,10.766777096601535,5.876217409478852
phenazone,Bol,pyrazolone,antipyrine,2206,VEQOALNAAJBPNY-UHFFFAOYSA-N,CC1=CC(=O)N(N1C)C2=CC=CC=C2,Cc1cc(=O)n(-c2ccccc2)n1C,OK,OK,,VEQOALNAAJBPNY-UHFFFAOYSA-N,,188.23000000000005,188.094963004,14,1.4844199999999999,55.74700000000003,26.93,0,1,1,2,2,0,0.18181818181818182,0,3,0,0,1,1,2.688005786650138,493.75123770895794,-1.7699999999999996,2116.4238939696234,8.811833472450036,3.178135834949779,1.2667253288419447,10.129392033067417,6.698377302757662,8.266777096601535,4.510192005694412,8.266777096601535,4.510192005694412
caffeine,Bol,adjuvant,caffeine,2519,RYYVLZVUVIJVGH-UHFFFAOYSA-N,CN1C=NC2=C1C(=O)N(C(=O)N2C)C,Cn1c(=O)c2c(ncn2C)n(C)c1=O,OK,OK,,RYYVLZVUVIJVGH-UHFFFAOYSA-N,,194.194,194.08037556,14,-1.0293,51.19600000000001,61.82,0,3,0,2,2,0,0.375,0,6,0,0,2,0,3.2212810810845887,616.5285919942219,-1.85,1876.0901711869099,8.73523326923911,2.5679479011227926,0.8757741627139433,10.455665446700477,6.5365812602091875,8.182701232117184,4.107927642957933,8.182701232117184,4.107927642957933
codeine,Bol,opioid_like,codeine,5284371,OROGSEYTTFOCAN-DNJOTXNNSA-N,CN1CC[C@]23[C@@H]4[C@H]1CC5=C2C(=C(C=C5)OC)O[C@H]3[C@H](C=C4)O,COc1ccc2c3c1O[C@H]1[C@@H](O)C=C[C@H]4[C@@H](C2)N(C)CC[C@@]341,OK,OK,,OROGSEYTTFOCAN-DNJOTXNNSA-N,,299.37,299.152143532,22,1.5011,82.46380000000005,41.93000000000001,1,4,1,5,1,4,0.5555555555555556,0,4,0,1,0,1,1.8223654238415254,685.154996148535,-1.52,226722.00040724524,12.968359178093896,4.059867674858224,1.2776232367596778,15.060113453385565,10.663869018582146,12.951046269004294,8.102093592364021,12.951046269004294,8.102093592364021
tramadol,Bol,opioid_like,tramadol,33741,TVYLLZQTGLZFBW-ZBFHGGJFSA-N,CN(C)C[C@H]1CCCC[C@@]1(C2=CC(=CC=C2)OC)O,COc1cccc([C@@]2(O)CCCC[C@@H]2CN(C)C)c1,OK,OK,,TVYLLZQTGLZFBW-ZBFHGGJFSA-N,,263.381,263.18852904,19,2.634600000000001,77.40280000000006,32.7,1,3,4,2,1,1,0.625,0,3,0,1,0,1,2.297593905275676,418.96488955011364,-1.06,19617.522535875934,14.35123583728531,5.9305484375353075,3.097196784151031,13.880468888623982,9.058697303059605,12.224960733344648,7.076726501624259,12.224960733344648,7.076726501624259
benzydamine,Bol,local_antiinflammatory,benzydamine,12555,CNBGNNVCVSKAQZ-UHFFFAOYSA-N,CN(C)CCCOC1=NN(C2=CC=CC=C21)CC3=CC=CC=C3,CN(C)CCCOc1nn(Cc2ccccc2)c2ccccc12,OK,OK,,CNBGNNVCVSKAQZ-UHFFFAOYSA-N,,309.413,309.184112356,23,3.4151000000000016,93.94300000000005,30.29,0,3,7,3,3,0,0.3157894736842105,0,4,0,0,1,2,1.7906088847422015,749.6555305011813,-2.329999999999999,265602.6567615895,15.56131006253978,7.288957934251559,3.9025911736281094,16.070703332935974,11.237183443017884,13.774468624416564,8.008482860666152,13.774468624416564,8.008482860666152
benzocaine,Bol,local_anesthetic,benzocaine,2337,BLFLLBZGZJTVJG-UHFFFAOYSA-N,CCOC(=O)C1=CC=C(C=C1)N,CCOC(=O)c1ccc(N)cc1,OK,OK,,BLFLLBZGZJTVJG-UHFFFAOYSA-N,,165.19199999999998,165.078978592,12,1.4455,46.81090000000002,52.32,1,3,2,1,1,0,0.2222222222222222,0,3,0,0,0,1,2.753742758109602,266.36195376207496,-1.51,535.0628080861914,8.585328884652048,3.7588733548338538,1.985036469518851,8.974691494688164,5.736382105218448,6.910354708062404,3.7640725458859556,6.910354708062404,3.7640725458859556
cetirizine,Oddech,antihistamine,cetirizine,2678,ZKLPARSLTMPFCP-UHFFFAOYSA-N,C1CN(CCN1CCOCC(=O)O)C(C2=CC=CC=C2)C3=CC=C(C=C3)Cl,O=C(O)COCCN1CCN(C(c2ccccc2)c2ccc(Cl)cc2)CC1,OK,OK,,ZKLPARSLTMPFCP-UHFFFAOYSA-N,,388.8950000000001,388.15537034000005,27,3.1482000000000028,106.20480000000005,53.010000000000005,1,4,8,3,2,1,0.38095238095238093,0,6,0,1,0,2,1.6288871781572638,715.9663955992833,-1.919999999999999,1515588.7721554625,19.83093437247043,9.853602391335345,5.776793002915453,19.06226716449869,13.131030293135236,15.259352000638922,9.196355635859279,16.015280946657377,9.574320108868505
levocetirizine,Oddech,antihistamine,levocetirizine,1549000,ZKLPARSLTMPFCP-OAQYLSRUSA-N,C1CN(CCN1CCOCC(=O)O)[C@H](C2=CC=CC=C2)C3=CC=C(C=C3)Cl,O=C(O)COCCN1CCN([C@H](c2ccccc2)c2ccc(Cl)cc2)CC1,OK,OK,,ZKLPARSLTMPFCP-OAQYLSRUSA-N,,388.8950000000001,388.15537034000005,27,3.1482000000000028,106.20480000000005,53.010000000000005,1,4,8,3,2,1,0.38095238095238093,0,6,0,1,0,2,1.6288871781572638,715.9663955992833,-1.919999999999999,1515588.7721554625,19.83093437247043,9.853602391335345,5.776793002915453,19.06226716449869,13.131030293135236,15.259352000638922,9.196355635859279,16.015280946657377,9.574320108868505
loratadine,Oddech,antihistamine,loratadine,3957,JCCNYMKQOSZNPW-UHFFFAOYSA-N,CCOC(=O)N1CCC(=C2C3=C(CCC4=C2N=CC=C4)C=C(C=C3)Cl)CC1,CCOC(=O)N1CCC(=C2c3ccc(Cl)cc3CCc3cccnc32)CC1,OK,OK,,JCCNYMKQOSZNPW-UHFFFAOYSA-N,,382.8910000000001,382.144805656,27,4.887800000000005,106.94800000000004,42.43,0,3,1,4,2,2,0.36363636363636365,0,5,1,1,1,1,1.7553254108779228,896.9358326942498,-2.329999999999999,2060941.7419680161,18.052915404577863,7.729953781795351,3.5865231460805265,18.80275414050485,13.169035095596021,15.50273732838046,9.538469695377792,16.258666274398916,9.916434168387019
desloratadine,Oddech,antihistamine,desloratadine,124087,JAUOIFJMECXRGI-UHFFFAOYSA-N,C1CC2=C(C=CC(=C2)Cl)C(=C3CCNCC3)C4=C1C=CC=N4,Clc1ccc2c(c1)CCc1cccnc1C2=C1CCNCC1,OK,OK,,JAUOIFJMECXRGI-UHFFFAOYSA-N,,310.828,310.12367628800007,22,4.018900000000003,91.22270000000003,24.92,1,2,0,4,2,2,0.3157894736842105,0,3,0,1,1,1,1.9778513675729852,740.850445001187,-1.64,212865.7477903155,13.984366672921752,5.864062936700998,2.4668840166179695,14.94094682093905,10.826499840494922,12.531920370766228,7.985483940535461,13.287849316784682,8.363448413544688
fexofenadine,Oddech,antihistamine,fexofenadine,3348,RWTNPBWLLIMQHL-UHFFFAOYSA-N,CC(C)(C1=CC=C(C=C1)C(CCCN2CCC(CC2)C(C3=CC=CC=C3)(C4=CC=CC=C4)O)O)C(=O)O,CC(C)(C(=O)O)c1ccc(C(O)CCCN2CCC(C(O)(c3ccccc3)c3ccccc3)CC2)cc1,OK,OK,,RWTNPBWLLIMQHL-UHFFFAOYSA-N,,501.6670000000001,501.2879087279999,37,5.5105000000000075,146.3443999999999,81.0,3,4,10,4,3,1,0.40625,0,5,0,1,0,3,1.3110460793887622,1096.9251995589377,-2.9899999999999993,195844207.0869072,27.055745831636234,11.594940331257959,5.955035570194022,26.4680445584345,17.724235880370358,21.88445444780354,13.30304947920262,21.88445444780354,13.30304947920262
bilastine,Oddech,antihistamine,bilastine,185460,ACCMWZWAEFYUGZ-UHFFFAOYSA-N,CCOCCN1C2=CC=CC=C2N=C1C3CCN(CC3)CCC4=CC=C(C=C4)C(C)(C)C(=O)O,CCOCCn1c(C2CCN(CCc3ccc(C(C)(C)C(=O)O)cc3)CC2)nc2ccccc21,OK,OK,,ACCMWZWAEFYUGZ-UHFFFAOYSA-N,,463.62200000000036,463.28349204399996,34,4.857100000000004,135.44879999999998,67.59,1,4,10,4,3,1,0.5,0,6,0,1,1,2,1.3444742338435276,1095.7867555105202,-2.6999999999999997,56108931.487918705,24.425381431206393,10.70247028376994,5.3384285516039585,24.131181265251037,16.396215279046707,20.66546441631312,12.47896882877671,20.66546441631312,12.47896882877671
ebastine,Oddech,antihistamine,ebastine,3191,MJJALKDDGIKVBE-UHFFFAOYSA-N,CC(C)(C)C1=CC=C(C=C1)C(=O)CCCN2CCC(CC2)OC(C3=CC=CC=C3)C4=CC=CC=C4,CC(C)(C)c1ccc(C(=O)CCCN2CCC(OC(c3ccccc3)c3ccccc3)CC2)cc1,OK,OK,,MJJALKDDGIKVBE-UHFFFAOYSA-N,,469.6690000000001,469.298079488,35,7.217600000000008,143.9804999999998,29.540000000000003,0,3,9,4,3,1,0.40625,0,3,0,1,0,3,1.2372372975163828,1006.7271730241747,-2.749999999999999,83447955.24862275,25.346121925456465,11.789307892499163,7.126718034152437,24.675151339621046,16.897998051206248,21.45106195176754,13.014346614875945,21.45106195176754,13.014346614875945
rupatadine,Oddech,antihistamine,rupatadine,133017,WUZYKBABMWJHDL-UHFFFAOYSA-N,CC1=CC(=CN=C1)CN2CCC(=C3C4=C(CCC5=C3N=CC=C5)C=C(C=C4)Cl)CC2,Cc1cncc(CN2CCC(=C3c4ccc(Cl)cc4CCc4cccnc43)CC2)c1,OK,OK,,WUZYKBABMWJHDL-UHFFFAOYSA-N,,415.9680000000001,415.181525512,30,5.6349200000000055,122.60400000000003,29.020000000000003,0,3,2,5,3,2,0.3076923076923077,0,4,0,1,2,1,1.4723306255069524,1108.7665028701927,-2.489999999999999,11538717.598124286,19.472120098892105,8.329462435569324,3.9219141545255503,20.501424753254113,14.669836433395455,17.365505150521567,10.751712165866275,18.12143409654002,11.129676638875502
diphenhydramine,Oddech,antihistamine,diphenhydramine,3100,ZZVUWRFHKOJYTH-UHFFFAOYSA-N,CN(C)CCOC(C1=CC=CC=C1)C2=CC=CC=C2,CN(C)CCOC(c1ccccc1)c1ccccc1,OK,OK,,ZZVUWRFHKOJYTH-UHFFFAOYSA-N,,255.36100000000002,255.162314292,19,3.3542000000000023,79.23300000000006,12.47,0,2,6,2,2,0,0.29411764705882354,0,2,0,0,0,2,2.1446055624492186,427.63544259070466,-1.6399999999999997,26276.551334166972,13.783863566244703,7.073267029461437,4.194495435474983,13.501789232183626,9.270856947829095,11.620528409422803,6.633749826242627,11.620528409422803,6.633749826242627
chlorpheniramine,Oddech,antihistamine,chlorpheniramine,2725,SOYKEARSMXGVTM-UHFFFAOYSA-N,CN(C)CCC(C1=CC=C(C=C1)Cl)C2=CC=CC=N2,CN(C)CCC(c1ccc(Cl)cc1)c1ccccn1,OK,OK,,SOYKEARSMXGVTM-UHFFFAOYSA-N,,274.795,274.123676288,19,3.8186000000000027,80.70300000000005,16.130000000000003,0,2,5,2,2,0,0.3125,0,3,0,0,1,1,2.25847511572667,493.91719964890143,-1.3800000000000001,22742.870000738818,14.03810833666951,6.68985926125854,4.049073463055102,13.664925939000156,9.164703797946448,11.382757649088873,6.477083780312729,12.138686595107329,6.855048253321956
clemastine,Oddech,antihistamine,clemastine,26987,YNNUSGIPVFPVBX-NHCUHLMSSA-N,C[C@@](C1=CC=CC=C1)(C2=CC=C(C=C2)Cl)OCC[C@H]3CCCN3C,CN1CCC[C@@H]1CCO[C@](C)(c1ccccc1)c1ccc(Cl)cc1,OK,OK,,YNNUSGIPVFPVBX-NHCUHLMSSA-N,,343.8980000000002,343.170292132,24,5.104400000000005,100.56900000000007,12.47,0,2,6,3,2,1,0.42857142857142855,0,3,0,1,0,2,1.7824946153031798,642.6481375315342,-1.3499999999999996,408006.0049400039,17.47230332155244,7.689383736353432,3.826164180769678,16.993353063746348,11.593172145670252,14.542462956802048,8.75196915609192,15.298391902820503,9.129933629101147
hydroxyzine,Oddech,antihistamine,hydroxyzine,3658,ZQDWXGKKHFNSQK-UHFFFAOYSA-N,C1CN(CCN1CCOCCO)C(C2=CC=CC=C2)C3=CC=C(C=C3)Cl,OCCOCCN1CCN(C(c2ccccc2)c2ccc(Cl)cc2)CC1,OK,OK,,ZQDWXGKKHFNSQK-UHFFFAOYSA-N,,374.91200000000003,374.176105784,26,3.055900000000001,105.65480000000005,35.94,1,4,8,3,2,1,0.42857142857142855,0,5,0,1,0,2,1.6597658526944234,642.8204701858948,-1.4299999999999997,1096995.4794379873,19.334868055054862,10.046711738220441,5.286236403307169,18.192023676495616,12.775188245478668,15.058210491361606,9.231299068300931,15.814139437380062,9.609263541310158
phenylephrine,Oddech,decongestant,phenylephrine,6041,SONNWYBIRXJNDC-VIFPVBQESA-N,CNC[C@@H](C1=CC(=CC=C1)O)O,CNC[C@H](O)c1cccc(O)c1,OK,OK,,SONNWYBIRXJNDC-VIFPVBQESA-N,,167.208,167.094628656,12,0.6449999999999998,46.99330000000003,52.489999999999995,3,3,3,1,1,0,0.3333333333333333,0,3,0,0,0,1,2.732558067587228,250.0387806177137,-1.06,526.2147543903251,9.031407678244971,4.088235211780761,2.2182060707578133,8.974691494688164,5.736382105218448,6.988285318134594,3.8536497081950087,6.988285318134594,3.8536497081950087
pseudoephedrine,Oddech,decongestant,pseudoephedrine,7028,KWGRBVOPPLSCSI-WCBMZHEXSA-N,C[C@@H]([C@H](C1=CC=CC=C1)O)NC,CN[C@@H](C)[C@@H](O)c1ccccc1,OK,OK,,KWGRBVOPPLSCSI-WCBMZHEXSA-N,,165.236,165.1153641,12,1.3278999999999999,49.92350000000003,32.26,2,2,3,1,1,0,0.4,0,2,0,0,0,1,2.7110407232330616,222.5400055614587,-0.8600000000000001,606.7749387127436,9.229766606822263,4.236737214638821,2.061452680853266,8.974691494688164,5.753218857624056,7.48866547982734,4.156916363982706,7.48866547982734,4.156916363982706
ephedrine,Oddech,decongestant,ephedrine,9294,KWGRBVOPPLSCSI-WPRPVWTQSA-N,C[C@@H]([C@@H](C1=CC=CC=C1)O)NC,CN[C@@H](C)[C@H](O)c1ccccc1,OK,OK,,KWGRBVOPPLSCSI-WPRPVWTQSA-N,,165.236,165.1153641,12,1.3278999999999999,49.92350000000003,32.26,2,2,3,1,1,0,0.4,0,2,0,0,0,1,2.7110407232330616,222.5400055614587,-0.8600000000000001,606.7749387127436,9.229766606822263,4.236737214638821,2.061452680853266,8.974691494688164,5.753218857624056,7.48866547982734,4.156916363982706,7.48866547982734,4.156916363982706
xylometazoline,Oddech,decongestant,xylometazoline,5709,HUCJFAOMUPXHDK-UHFFFAOYSA-N,CC1=CC(=CC(=C1CC2=NCCN2)C)C(C)(C)C,Cc1cc(C(C)(C)C)cc(C)c1CC1=NCCN1,OK,OK,,HUCJFAOMUPXHDK-UHFFFAOYSA-N,,244.38199999999995,244.19394876799998,18,3.1451400000000014,78.62470000000005,24.39,1,2,2,2,1,1,0.5625,0,2,0,0,0,1,2.318163404131194,455.35570706987687,-1.31,11747.93323049276,13.129450737706515,4.753017218495077,2.7414745192984147,13.336498814253964,8.376028663351635,12.223234477438853,6.7551952739258905,12.223234477438853,6.7551952739258905
oxymetazoline,Oddech,decongestant,oxymetazoline,4636,WYWIFABBXFUGLM-UHFFFAOYSA-N,CC1=CC(=C(C(=C1CC2=NCCN2)C)O)C(C)(C)C,Cc1cc(C(C)(C)C)c(O)c(C)c1CC1=NCCN1,OK,OK,,WYWIFABBXFUGLM-UHFFFAOYSA-N,,260.381,260.188863388,19,2.850740000000001,80.28950000000003,44.620000000000005,2,3,2,2,1,1,0.5625,0,3,0,0,0,1,2.4334871578442723,524.530962684777,-1.51,18084.806080986276,13.910966297833655,4.874595606076826,2.7488144672805563,14.206742302257043,8.803549018280204,12.593097803749187,6.9014518024862435,12.593097803749187,6.9014518024862435
naphazoline,Oddech,decongestant,naphazoline,4436,CNIIGCLFLJGOGP-UHFFFAOYSA-N,C1CN=C(N1)CC2=CC=CC3=CC=CC=C32,c1ccc2c(CC3=NCCN3)cccc2c1,OK,OK,,CNIIGCLFLJGOGP-UHFFFAOYSA-N,,210.28,210.115698448,16,2.3840000000000003,67.95670000000004,24.39,1,2,2,3,2,1,0.21428571428571427,0,2,0,0,0,2,2.022447583770134,537.9315681275363,-1.8299999999999996,11435.404802749086,9.399859459385032,3.968583708250246,1.6681930369382907,10.794682450997078,7.932652990377571,9.109985823386983,5.671861940592557,9.109985823386983,5.671861940592557
dextromethorphan,Oddech,antitussive,dextromethorphan,5360696,MKXZASYAUGDDCJ-NJAFHUGGSA-N,CN1CC[C@@]23CCCC[C@@H]2[C@@H]1CC4=C3C=C(C=C4)OC,COc1ccc2c(c1)[C@]13CCCC[C@@H]1[C@H](C2)N(C)CC3,OK,OK,,MKXZASYAUGDDCJ-NJAFHUGGSA-N,,271.40400000000005,271.19361442,20,3.3834000000000026,81.36900000000006,12.47,0,2,1,4,1,3,0.6666666666666666,0,2,0,2,0,1,1.8780647132723418,526.1495492966154,-1.02,65310.911830214165,12.700482099286223,4.489710209343101,1.604791759224291,13.742276208189782,9.743148714927115,12.691960700217786,8.12121177930803,12.691960700217786,8.12121177930803
butamirate,Oddech,antitussive,butamirate citrate,28891,JVKMHUAWFDGPTF-UHFFFAOYSA-N,CCC(C1=CC=CC=C1)C(=O)OCCOCCN(CC)CC.C(C(=O)O)C(CC(=O)O)(C(=O)O)O,CCC(C(=O)OCCOCCN(CC)CC)c1ccccc1,OK,OK,,DDVUMDPCZWBYRA-UHFFFAOYSA-N,,307.434,307.214743788,22,3.081800000000001,89.04000000000006,38.77,0,4,11,1,1,0,0.6111111111111112,0,4,0,0,0,1,2.221534538228894,404.05311237874434,-1.3900000000000001,83110.32557907984,18.65852013585638,11.213652988241929,6.5824606305476765,16.208896013370172,10.723075312662978,14.085807550335138,8.240559498034907,14.085807550335138,8.240559498034907
noscapine,Oddech,antitussive,noscapine,275196,AKNNEGZIBPJZJG-MSOLQXFVSA-N,CN1CCC2=CC3=C(C(=C2[C@@H]1[C@@H]4C5=C(C(=C(C=C5)OC)OC)C(=O)O4)OC)OCO3,COc1ccc2c(c1OC)C(=O)O[C@@H]2[C@H]1c2c(cc3c(c2OC)OCO3)CCN1C,OK,OK,,AKNNEGZIBPJZJG-MSOLQXFVSA-N,,413.4260000000003,413.14745207599987,30,2.881800000000001,105.89450000000008,75.69000000000001,0,8,4,5,2,3,0.4090909090909091,0,8,0,0,0,2,1.6852290238580117,1034.8766093427325,-3.1300000000000003,12269811.448313754,18.87066760626845,6.982663994195339,2.52792949442361,20.990834873703704,14.583248657969117,17.31302331825477,9.740577533693028,17.31302331825477,9.740577533693028
ambroxol,Oddech,mucolytic,ambroxol,2132,JBDGDEWWOUBZPM-UHFFFAOYSA-N,C1CC(CCC1NCC2=C(C(=CC(=C2)Br)Br)N)O,Nc1c(Br)cc(Br)cc1CNC1CCC(O)CC1,OK,OK,,JBDGDEWWOUBZPM-UHFFFAOYSA-N,,378.108,375.978587396,18,3.186900000000001,81.35690000000001,58.28,3,3,3,2,1,1,0.5384615384615384,0,5,0,1,0,1,1.9383068439879392,417.697425480486,-0.10000000000000012,11648.160608128846,14.312082528484643,6.3691492374890055,3.6970276808998643,13.120955864630137,8.558550648063802,10.125427793399279,6.208314113367266,13.297420871628688,7.794310652481971
bromhexine,Oddech,mucolytic,bromhexine,2442,OJGDCBLYJGHCIH-UHFFFAOYSA-N,CN(CC1=C(C(=CC(=C1)Br)Br)N)C2CCCCC2,CN(Cc1cc(Br)cc(Br)c1N)C1CCCCC1,OK,OK,,OJGDCBLYJGHCIH-UHFFFAOYSA-N,,376.1360000000002,373.99932284000005,18,4.558300000000004,84.59440000000004,29.259999999999998,1,2,3,2,1,1,0.5714285714285714,0,4,0,1,0,1,2.0797732804513314,414.5001729075138,-0.06000000000000011,12256.524544906784,14.35123583728531,6.39661329834759,3.4875439429518957,13.120955864630139,8.575387400469406,10.755184305396202,6.5130303687682485,13.927177383625612,8.099026907882953
guaifenesin,Oddech,mucolytic,guaifenesin,3516,HSRJKNPTNIJEKV-UHFFFAOYSA-N,COC1=CC=CC=C1OCC(CO)O,COc1ccccc1OCC(O)CO,OK,OK,,HSRJKNPTNIJEKV-UHFFFAOYSA-N,,198.21799999999996,198.089208928,14,0.4272000000000001,51.58160000000003,58.92,2,4,5,1,1,0,0.4,0,4,0,0,0,1,2.569521757324299,274.57943773881374,-1.2600000000000002,1632.1379436211612,10.818492935635792,5.46596949475999,2.901235761171523,10.38890505706126,6.774386907679234,8.011888680248868,4.323445221403891,8.011888680248868,4.323445221403891
acetylcysteine,Oddech,mucolytic,acetylcysteine,12035,PWKSKIMOESPYIA-BYPYZUCNSA-N,CC(=O)N[C@@H](CS)C(=O)O,CC(=O)N[C@@H](CS)C(=O)O,OK,OK,,PWKSKIMOESPYIA-BYPYZUCNSA-N,,163.198,163.030314148,10,-0.4945,39.093500000000006,66.4,3,3,3,0,0,0,0.6,0,5,1,0,0,0,3.833483296499401,147.8284895747849,-0.71,112.49251649732604,9.29,4.160819131484329,3.341930325442243,8.146264369941973,4.574586062669973,5.495380822303816,2.683681413884169,6.389808013303732,3.316136945917845
carbocisteine,Oddech,mucolytic,carbocysteine,193653,GBFLZEXEOZUWRN-VKHMYHEASA-N,C([C@@H](C(=O)O)N)SCC(=O)O,N[C@@H](CSCC(=O)O)C(=O)O,OK,OK,,GBFLZEXEOZUWRN-VKHMYHEASA-N,,179.19699999999997,179.025228768,11,-0.7838999999999996,40.571999999999996,100.61999999999999,3,4,5,0,0,0,0.6,0,6,0,0,0,0,3.387645329037021,160.56140738249667,-0.75,182.37718513128686,10.25,4.974444444444444,5.6824324324324325,8.85337115112852,5.036581260209189,5.688086163143852,2.81662230413873,6.504582744071579,3.9713228425179814
erdosteine,Oddech,mucolytic,erdosteine,65632,QGFORSXNKQLDNO-UHFFFAOYSA-N,C1CSC(=O)C1NC(=O)CSCC(=O)O,O=C(O)CSCC(=O)NC1CCSC1=O,OK,OK,,QGFORSXNKQLDNO-UHFFFAOYSA-N,,249.31299999999996,249.012949832,15,-0.04750000000000015,58.973500000000016,83.47,2,5,5,1,0,1,0.625,0,7,1,1,0,0,2.17785095470023,281.81523456935355,-0.6900000000000001,2389.074985094784,12.379881201956675,6.01613360950032,4.566029549761973,11.259148545064338,7.092224152875016,7.89423244175509,4.348834123302181,9.527225603610542,6.48913322133492
salbutamol,Oddech,bronchodilator,albuterol,2083,NDAUXUAQIAJITI-UHFFFAOYSA-N,CC(C)(C)NCC(C1=CC(=C(C=C1)O)CO)O,CC(C)(C)NCC(O)c1ccc(O)c(CO)c1,OK,OK,,NDAUXUAQIAJITI-UHFFFAOYSA-N,,239.315,239.152143532,17,1.3059999999999998,66.74510000000004,72.72,4,4,4,1,1,0,0.5384615384615384,0,4,0,0,0,1,2.720205866139174,371.41759115181975,-1.1,4163.247058743065,13.962893081761008,5.489653133998208,4.340801106423208,13.052041763877792,7.83151711960892,10.565255425631475,5.690097531471788,10.565255425631475,5.690097531471788
montelukast,Oddech,leukotriene_antagonist,montelukast,5281040,UCHDWCPVSPXUMX-TZIWLTJVSA-N,CC(C)(C1=CC=CC=C1CC[C@H](C2=CC=CC(=C2)/C=C/C3=NC4=C(C=CC(=C4)Cl)C=C3)SCC5(CC5)CC(=O)O)O,CC(C)(O)c1ccccc1CC[C@@H](SCC1(CC(=O)O)CC1)c1cccc(/C=C/c2ccc3ccc(Cl)cc3n2)c1,OK,OK,,UCHDWCPVSPXUMX-TZIWLTJVSA-N,,586.1970000000003,585.2104426920001,41,8.948000000000002,171.2495999999996,70.42,2,4,12,5,4,1,0.3142857142857143,0,6,0,1,1,3,1.3712638757589357,1571.490110063069,-3.1199999999999988,1930319205.043983,29.37503881102965,12.399242991314175,7.792722665896743,29.036958659186844,19.599905313814045,23.516346834590124,14.088273287339156,25.088772361536304,15.51499255032904
azelastine,Oddech,nasal_antihistamine,azelastine,2267,MBUVEWMHONZEQD-UHFFFAOYSA-N,CN1CCCC(CC1)N2C(=O)C3=CC=CC=C3C(=N2)CC4=CC=C(C=C4)Cl,CN1CCCC(n2nc(Cc3ccc(Cl)cc3)c3ccccc3c2=O)CC1,OK,OK,,MBUVEWMHONZEQD-UHFFFAOYSA-N,,381.90700000000015,381.160790068,27,4.297500000000004,110.64600000000003,38.13,0,3,3,4,3,1,0.36363636363636365,0,5,0,1,1,2,1.7878180711241392,996.605677838824,-2.1699999999999995,2003166.7550515858,18.205323124111292,7.829161513005722,3.919067594989891,18.80275414050485,13.114193540729628,15.566646659798886,9.550508830867116,16.32257560581734,9.928473303876343
omeprazole,Gastro,ppi,omeprazole,4594,SUBDBMMJDZJVOS-UHFFFAOYSA-N,CC1=CN=C(C(=C1OC)C)CS(=O)C2=NC3=C(N2)C=C(C=C3)OC,COc1ccc2nc([S+]([O-])Cc3ncc(C)c(OC)c3C)[nH]c2c1,OK,OK,,SUBDBMMJDZJVOS-UHFFFAOYSA-N,,345.42400000000004,345.114712468,24,2.8997400000000013,93.02110000000003,83.09,1,5,5,3,3,0,0.29411764705882354,0,7,0,0,2,1,1.8844828594834784,878.8884252759138,-2.25,353332.36450656696,16.60229916897507,6.7025904456291086,3.0452495819741783,17.26722023457211,11.528407103102724,14.04392821080042,7.443492497782771,14.860424791728146,8.762424390769594
esomeprazole,Gastro,ppi,esomeprazole,9568614,SUBDBMMJDZJVOS-DEOSSOPVSA-N,CC1=CN=C(C(=C1OC)C)C[S@](=O)C2=NC3=C(N2)C=C(C=C3)OC,COc1ccc2nc([S@@+]([O-])Cc3ncc(C)c(OC)c3C)[nH]c2c1,OK,OK,,SUBDBMMJDZJVOS-DEOSSOPVSA-N,,345.42400000000004,345.114712468,24,2.8997400000000013,93.02110000000003,83.09,1,5,5,3,3,0,0.29411764705882354,0,7,0,0,2,1,1.8844828594834784,878.8884252759138,-2.25,353332.36450656696,16.60229916897507,6.7025904456291086,3.0452495819741783,17.26722023457211,11.528407103102724,14.04392821080042,7.443492497782771,14.860424791728146,8.762424390769594
pantoprazole,Gastro,ppi,pantoprazole,4679,IQPSEEYGBUAQFF-UHFFFAOYSA-N,COC1=C(C(=NC=C1)CS(=O)C2=NC3=C(N2)C=C(C=C3)OC(F)F)OC,COc1ccnc(C[S+]([O-])c2nc3ccc(OC(F)F)cc3[nH]2)c1OC,OK,OK,,IQPSEEYGBUAQFF-UHFFFAOYSA-N,,383.3760000000001,383.07513339999997,26,2.8843000000000005,90.17910000000005,92.32000000000001,1,6,7,3,3,0,0.25,0,10,0,0,2,1,1.8490193409572646,906.3322826194594,-2.59,891957.976322853,18.208568180772755,7.748788965519116,3.8056821341293077,18.681433796945207,12.511570350697117,13.86280598566199,7.403088017215537,14.679302566589715,8.72201991020236
lansoprazole,Gastro,ppi,lansoprazole,3883,MJIHNNLFOKEZEW-UHFFFAOYSA-N,CC1=C(C=CN=C1CS(=O)C2=NC3=CC=CC=C3N2)OCC(F)(F)F,Cc1c(OCC(F)(F)F)ccnc1C[S+]([O-])c1nc2ccccc2[nH]1,OK,OK,,MJIHNNLFOKEZEW-UHFFFAOYSA-N,,369.36800000000005,369.075882348,25,3.515220000000002,86.73010000000005,73.86,1,4,5,3,3,0,0.25,0,9,0,0,2,1,1.7731962752944586,849.4325983042299,-2.259999999999999,462333.6281039528,17.559419292901637,6.927854211900839,4.232158038627393,18.026733258565955,11.832318457408352,13.131380658930038,7.304696737135415,13.947877239857764,8.623628630122235
rabeprazole,Gastro,ppi,rabeprazole,5029,YREYEVIYCVEVJK-UHFFFAOYSA-N,CC1=C(C=CN=C1CS(=O)C2=NC3=CC=CC=C3N2)OCCCOC,COCCCOc1ccnc(C[S+]([O-])c2nc3ccccc3[nH]2)c1C,OK,OK,,YREYEVIYCVEVJK-UHFFFAOYSA-N,,359.4510000000002,359.130362532,25,2.989420000000001,97.16810000000005,83.09,1,5,8,3,3,0,0.3333333333333333,0,7,0,0,2,1,1.7071479712237678,804.2992838896116,-2.0899999999999994,698309.5933731179,17.724026440589572,8.330956439152644,4.306245520556934,17.6480536021256,12.185871848001627,14.319949092739316,8.081120062086978,15.136445673667042,9.400051955073797
famotidine,Gastro,h2_blocker,famotidine,5702160,XUFQPHANEAPEMJ-UHFFFAOYSA-N,C1=C(N=C(S1)N=C(N)N)CSCC/C(=N/S(=O)(=O)N)/N,NC(N)=Nc1nc(CSCC/C(N)=N/S(N)(=O)=O)cs1,OK,OK,,XUFQPHANEAPEMJ-UHFFFAOYSA-N,,337.4560000000001,337.04493572,20,-0.7679999999999998,83.0924,175.83,4,6,7,1,1,0,0.375,0,12,0,0,1,0,2.366985109789652,603.3416169759435,-1.37,18919.81944817579,16.683676865271067,7.422318703285096,7.275833665396974,15.173362107437432,9.25983881233692,10.390953928326963,5.248627762696673,12.840443671110142,8.786200671458626
cimetidine,Gastro,h2_blocker,cimetidine,2756,AQIXAKUUQRKLND-UHFFFAOYSA-N,CC1=C(N=CN1)CSCCNC(=NC)NC#N,CN=C(NC#N)NCCSCc1nc[nH]c1C,OK,OK,,AQIXAKUUQRKLND-UHFFFAOYSA-N,,252.347,252.11571551199998,17,0.5973999999999998,69.59710000000001,88.88999999999999,3,4,5,1,1,0,0.5,0,7,0,0,1,0,2.130941030222901,405.1737761568005,-1.6800000000000002,8399.709922186494,13.38527415143603,7.570081043458362,4.7817848631942805,12.510225400620904,8.274386907679233,9.948559689713006,5.1993650634680435,10.765056270640732,6.354065601847294
ranitidine,Gastro,h2_blocker,ranitidine,3001055,VMXUWOKSQNHOCA-UKTHLTGXSA-N,CN/C(=C\[N+](=O)[O-])/NCCSCC1=CC=C(O1)CN(C)C,CN/C(=C\[N+](=O)[O-])NCCSCc1ccc(CN(C)C)o1,OK,OK,,VMXUWOKSQNHOCA-UKTHLTGXSA-N,,314.41100000000006,314.141261564,21,1.4589999999999996,84.40080000000003,83.58,2,7,10,1,1,0,0.5384615384615384,0,8,0,0,1,0,2.218277243493725,473.7363586621033,-1.6699999999999997,43242.95036106833,17.381733057423695,9.299837768091132,7.618411990544398,15.664925939000156,10.007239053047545,12.587898285170438,6.57961968698511,13.404394866098164,7.73432022536436
nizatidine,Gastro,h2_blocker,nizatidine,4513,SGXXNSQHWDMGGP-UHFFFAOYSA-N,CNC(=C[N+](=O)[O-])NCCSCC1=CSC(=N1)CN(C)C,CNC(=C[N+](=O)[O-])NCCSCc1csc(CN(C)C)n1,OK,OK,,SGXXNSQHWDMGGP-UHFFFAOYSA-N,,331.4670000000001,331.11366691200004,21,1.3224999999999996,87.80680000000004,83.33,2,8,10,1,1,0,0.5833333333333334,0,9,0,0,1,0,2.218277243493725,475.9677720170103,-1.32,43242.95036106833,17.73081300813008,9.586301469178254,7.88095641540746,15.664925939000156,10.007239053047545,12.45776161148077,6.436402929720506,14.090754773336222,8.470756279354651
lafutidine,Gastro,h2_blocker,lafutidine,5282136,KMZQAVXSMUKBPD-DJWKRKHSSA-N,C1CCN(CC1)CC2=CC(=NC=C2)OC/C=C\CNC(=O)CS(=O)CC3=CC=CO3,O=C(C[S+]([O-])Cc1ccco1)NC/C=C\COc1cc(CN2CCCCC2)ccn1,OK,OK,,KMZQAVXSMUKBPD-DJWKRKHSSA-N,,431.55800000000016,431.18787740799996,30,2.6606000000000005,116.43110000000004,90.66,1,6,11,3,2,1,0.45454545454545453,0,8,1,1,2,0,1.298198022893627,791.4401502707474,-2.29,8461156.95090803,22.396440369776688,12.415521790779906,8.216482875921306,21.0204508012418,14.686673185801062,17.125538608701717,10.27999976710348,17.942035189629443,11.768033638816064
loperamide,Gastro,antidiarrheal,loperamide,3955,RDOIQAHITMMDAJ-UHFFFAOYSA-N,CN(C)C(=O)C(CCN1CCC(CC1)(C2=CC=C(C=C2)Cl)O)(C3=CC=CC=C3)C4=CC=CC=C4,CN(C)C(=O)C(CCN1CCC(O)(c2ccc(Cl)cc2)CC1)(c1ccccc1)c1ccccc1,OK,OK,,RDOIQAHITMMDAJ-UHFFFAOYSA-N,,477.04800000000006,476.223055976,34,5.088000000000005,137.99779999999987,43.78,1,3,7,4,3,1,0.3448275862068966,0,5,1,1,0,3,1.5732022497682343,1036.633055426071,-2.659999999999999,48514276.687310986,24.464118030357966,10.306456463154243,4.90108378232474,24.18358750805832,16.348826315353406,19.953398005747015,11.886825048158594,20.709326951765473,12.264789521167822
diphenoxylate,Gastro,antidiarrheal,diphenoxylate,13505,HYPPXZBJBPSRLK-UHFFFAOYSA-N,CCOC(=O)C1(CCN(CC1)CCC(C#N)(C2=CC=CC=C2)C3=CC=CC=C3)C4=CC=CC=C4,CCOC(=O)C1(c2ccccc2)CCN(CCC(C#N)(c2ccccc2)c2ccccc2)CC1,OK,OK,,HYPPXZBJBPSRLK-UHFFFAOYSA-N,,452.59800000000007,452.246378264,34,5.483280000000006,134.32099999999994,53.33,0,4,8,4,3,1,0.3333333333333333,0,4,0,1,0,3,1.535542129512101,1059.306981097704,-3.419999999999998,68389977.36008254,23.728617561787864,10.67268626755655,4.6222750694609775,23.85731409442526,16.642960836953698,19.82092527807787,12.119031281394419,19.82092527807787,12.119031281394419
racecadotril,Gastro,antidiarrheal,racecadotril,107751,ODUOJXZPIYUATO-UHFFFAOYSA-N,CC(=O)SCC(CC1=CC=CC=C1)C(=O)NCC(=O)OCC2=CC=CC=C2,CC(=O)SCC(Cc1ccccc1)C(=O)NCC(=O)OCc1ccccc1,OK,OK,,ODUOJXZPIYUATO-UHFFFAOYSA-N,,385.4850000000002,385.13477921599997,27,2.9846000000000013,106.02270000000001,72.47,1,5,9,2,2,0,0.2857142857142857,0,6,1,0,0,2,1.8380371842163656,749.2916285849511,-2.599999999999999,1075847.0237101803,20.70876061752124,11.184636488340194,8.087990580847727,19.484916895309063,13.041713895658194,15.220521538151393,8.688723478290838,16.037018119079118,9.674322037944329
metoclopramide,Gastro,antiemetic_prokinetic,metoclopramide,4168,TTWJBBZEZQICBI-UHFFFAOYSA-N,CCN(CC)CCNC(=O)C1=CC(=C(C=C1OC)N)Cl,CCN(CC)CCNC(=O)c1cc(Cl)c(N)cc1OC,OK,OK,,TTWJBBZEZQICBI-UHFFFAOYSA-N,,299.802,299.140054624,20,2.0023999999999997,82.53760000000004,67.59,2,4,7,1,1,0,0.5,0,6,1,0,0,1,2.6993698551050787,461.97739235477394,-1.46,23853.65052995242,16.593937432578212,7.968039579443504,4.28252067886105,15.120955864630139,9.527605765303289,12.20215258175198,6.665304741423288,12.958081527770435,7.043269214432516
domperidone,Gastro,antiemetic_prokinetic,domperidone,3151,FGXWKSZFVQUSTL-UHFFFAOYSA-N,C1CN(CCC1N2C3=C(C=C(C=C3)Cl)NC2=O)CCCN4C5=CC=CC=C5NC4=O,O=c1[nH]c2ccccc2n1CCCN1CCC(n2c(=O)[nH]c3cc(Cl)ccc32)CC1,OK,OK,,FGXWKSZFVQUSTL-UHFFFAOYSA-N,,425.92000000000024,425.161852688,30,3.353200000000001,119.45540000000003,78.82,2,3,5,5,4,1,0.36363636363636365,0,8,0,1,2,2,1.2075801662372818,1306.5523076910547,-2.7699999999999996,12343200.702512827,19.20880085457703,7.812409595225632,3.4812027806465258,20.664561460070644,14.597356788324024,16.60465146225967,10.396648393612843,17.360580408278125,10.77461286662207
ondansetron,Gastro,antiemetic_prokinetic,ondansetron,4595,FELGMEQIXOGIFQ-UHFFFAOYSA-N,CC1=NC=CN1CC2CCC3=C(C2=O)C4=CC=CC=C4N3C,Cc1nccn1CC1CCc2c(c3ccccc3n2C)C1=O,OK,OK,,FELGMEQIXOGIFQ-UHFFFAOYSA-N,,293.37,293.152812228,22,3.1285200000000017,86.02450000000005,39.82,0,2,2,4,3,1,0.3333333333333333,0,4,0,0,2,1,1.767961252709778,871.7199680624578,-2.36,209851.39677626584,13.313138633270487,4.833784702035854,1.8316089521630117,15.267220234572113,10.664703797946453,12.912661304850763,7.747799185881738,12.912661304850763,7.747799185881738
granisetron,Gastro,antiemetic_prokinetic,granisetron,5284566,MFWNKCLOYSRHCJ-AGUYFDCRSA-N,CN1[C@@H]2CCC[C@H]1CC(C2)NC(=O)C3=NN(C4=CC=CC=C43)C,CN1[C@@H]2CCC[C@H]1CC(NC(=O)c1nn(C)c3ccccc13)C2,OK,OK,,MFWNKCLOYSRHCJ-AGUYFDCRSA-N,,312.41700000000003,312.195011388,23,2.3184000000000005,90.39220000000006,50.160000000000004,1,3,2,4,2,2,0.5555555555555556,0,5,1,2,1,1,1.5354917180568544,723.6968546501203,-1.8799999999999994,287645.25965291046,14.695868584110958,5.637781873881697,2.5279161982851734,15.97432701575866,11.131030293135236,13.826874867223859,8.577677857793745,13.826874867223859,8.577677857793745
itopride,Gastro,antiemetic_prokinetic,itopride,3792,QQQIECGTIMUVDS-UHFFFAOYSA-N,CN(C)CCOC1=CC=C(C=C1)CNC(=O)C2=CC(=C(C=C2)OC)OC,COc1ccc(C(=O)NCc2ccc(OCCN(C)C)cc2)cc1OC,OK,OK,,QQQIECGTIMUVDS-UHFFFAOYSA-N,,358.4380000000001,358.18925731199994,26,2.574200000000001,101.20720000000007,60.03,1,5,9,2,2,0,0.35,0,6,1,0,0,2,1.8865739207238312,714.2511625536773,-2.73,622601.6668505138,19.592834259342734,9.675140178704066,5.666999636023587,18.94094682093905,12.528407103102722,15.742978985242436,8.39883111141207,15.742978985242436,8.39883111141207
mosapride,Gastro,antiemetic_prokinetic,mosapride,119584,YPELFRMCRYSPKZ-UHFFFAOYSA-N,CCOC1=CC(=C(C=C1C(=O)NCC2CN(CCO2)CC3=CC=C(C=C3)F)Cl)N,CCOc1cc(N)c(Cl)cc1C(=O)NCC1CN(Cc2ccc(F)cc2)CCO1,OK,OK,,YPELFRMCRYSPKZ-UHFFFAOYSA-N,,421.9000000000001,421.1568475600001,29,3.0908000000000007,110.78360000000004,76.82,2,5,7,3,2,1,0.38095238095238093,0,8,1,1,0,2,1.569875422180412,847.8101173590801,-2.3499999999999996,3164084.718191679,21.36105506976234,9.913678561944122,5.819841458183112,20.80275414050485,13.956728795830726,16.289330253546296,9.543401612429554,17.04525919956475,9.92136608543878
prucalopride,Gastro,antiemetic_prokinetic,prucalopride,3052762,ZPMNHBXQOOVQJL-UHFFFAOYSA-N,COCCCN1CCC(CC1)NC(=O)C2=CC(=C(C3=C2OCC3)N)Cl,COCCCN1CCC(NC(=O)c2cc(Cl)c(N)c3c2OCC3)CC1,OK,OK,,ZPMNHBXQOOVQJL-UHFFFAOYSA-N,,367.8770000000002,367.166269372,25,2.0878,98.48460000000004,76.82,2,5,6,3,1,2,0.6111111111111112,0,7,1,1,0,1,1.5747034287887254,630.4825720834971,-1.4999999999999996,647045.8843077626,18.29584775086505,8.252826820075382,4.190858725761773,17.81119030894213,12.096555450524587,14.645934778148582,8.85626289457273,15.401863724167038,9.234227367581957
hyoscine,Gastro,antispasmodic,scopolamine,3000322,STECJAGHUSJQJN-USLFZFAMSA-N,CN1[C@@H]2CC(C[C@H]1[C@H]3[C@@H]2O3)OC(=O)[C@H](CO)C4=CC=CC=C4,CN1[C@@H]2CC(OC(=O)[C@H](CO)c3ccccc3)C[C@H]1[C@@H]1O[C@@H]12,OK,OK,,STECJAGHUSJQJN-USLFZFAMSA-N,,303.35799999999995,303.147058152,22,0.9180999999999993,79.38280000000005,62.3,1,5,4,4,1,3,0.5882352941176471,0,5,0,3,0,1,1.4200028178766764,545.0371822548029,-1.4299999999999997,257123.46171832303,14.180670892667724,5.333924974919479,2.2416588494484997,15.267220234572113,10.685871848001627,12.591345367037036,7.9244695366934295,12.591345367037036,7.9244695366934295
drotaverine,Gastro,antispasmodic,drotaverine,1712095,OMFNSKIUKYOYRG-MOSHPQCFSA-N,CCOC1=C(C=C(C=C1)/C=C\2/C3=CC(=C(C=C3CCN2)OCC)OCC)OCC,CCOc1ccc(/C=C2\NCCc3cc(OCC)c(OCC)cc32)cc1OCC,OK,OK,,OMFNSKIUKYOYRG-MOSHPQCFSA-N,,397.5150000000002,397.22530847199994,29,4.925200000000005,117.13770000000008,48.95,1,5,9,3,2,1,0.4166666666666667,0,5,0,0,0,2,1.9945979634488917,860.1994311933694,-2.8200000000000003,3770886.1871218677,20.902542551910788,10.099420867929778,4.969062273896077,20.639617433688315,14.193733105501334,17.839735464112493,10.476815704521181,17.839735464112493,10.476815704521181
mebeverine,Gastro,antispasmodic,mebeverine,4031,VYVKHNNGDFVQGA-UHFFFAOYSA-N,CCN(CCCCOC(=O)C1=CC(=C(C=C1)OC)OC)C(C)CC2=CC=C(C=C2)OC,CCN(CCCCOC(=O)c1ccc(OC)c(OC)c1)C(C)Cc1ccc(OC)cc1,OK,OK,,VYVKHNNGDFVQGA-UHFFFAOYSA-N,,429.55700000000024,429.25152321999997,31,4.6025000000000045,122.46950000000005,57.230000000000004,0,6,13,2,2,0,0.48,0,6,0,0,0,2,1.736449942492463,806.0596919657754,-2.7299999999999995,7302399.404342696,24.538648490095337,12.849563030791694,7.473792294817722,22.63961743368831,15.015100310547252,19.34989788845557,10.780354962118713,19.34989788845557,10.780354962118713
trimebutine,Gastro,antispasmodic,trimebutine,5573,LORDFXWUHHSAQU-UHFFFAOYSA-N,CCC(COC(=O)C1=CC(=C(C(=C1)OC)OC)OC)(C2=CC=CC=C2)N(C)C,CCC(COC(=O)c1cc(OC)c(OC)c(OC)c1)(c1ccccc1)N(C)C,OK,OK,,LORDFXWUHHSAQU-UHFFFAOYSA-N,,387.47600000000006,387.2045730280001,28,3.7363000000000026,108.47850000000007,57.23000000000001,0,6,9,2,2,0,0.4090909090909091,0,6,0,0,0,2,2.3081762935130046,765.7641635320127,-2.7299999999999995,1529421.8321109444,21.56873372893044,9.461146283917621,4.224076911288529,20.733840039752497,13.427417887329874,17.44412049451975,9.13167242417126,17.44412049451975,9.13167242417126
alverine,Gastro,antispasmodic,alverine,3678,ZPFXAOWNKLFJDN-UHFFFAOYSA-N,CCN(CCCC1=CC=CC=C1)CCCC2=CC=CC=C2,CCN(CCCc1ccccc1)CCCc1ccccc1,OK,OK,,ZPFXAOWNKLFJDN-UHFFFAOYSA-N,,281.443,281.214349864,21,4.5739000000000045,91.64000000000007,3.24,0,1,9,2,2,0,0.4,0,1,0,0,0,2,1.6366538322102004,432.2063054755322,-1.5999999999999996,81462.53296797577,15.782545174932716,9.357000806234883,6.135766712953778,14.752866087740191,10.381341395361316,13.170463755702054,8.184264065469527,13.170463755702054,8.184264065469527
otilonium,Gastro,antispasmodic,otilonium bromide,72092,VWZPIJGXYWHBOW-UHFFFAOYSA-N,CCCCCCCCOC1=CC=CC=C1C(=O)NC2=CC=C(C=C2)C(=O)OCC[N+](C)(CC)CC.[Br-],CCCCCCCCOc1ccccc1C(=O)Nc1ccc(C(=O)OCC[N+](C)(CC)CC)cc1,OK,OK,,NQHNLNLJPDMBFN-UHFFFAOYSA-O,,483.6730000000004,483.32173427609,35,6.321400000000007,142.12409999999988,64.63,1,4,16,2,2,0,0.5172413793103449,1,6,1,0,0,2,1.8569681522267256,907.1527160716196,-2.86,47065666.14308984,28.377757994557935,15.200043214091586,9.726478909795397,25.520450801241797,16.919163958357345,21.977183503924437,13.059781561463009,21.977183503924437,13.059781561463009
pinaverium,Gastro,antispasmodic,pinaverium bromide,40703,IKGXLCMLVINENI-UHFFFAOYSA-M,CC1(C2CCC(C1C2)CCOCC[N+]3(CCOCC3)CC4=CC(=C(C=C4Br)OC)OC)C.[Br-],COc1cc(Br)c(C[N+]2(CCOCCC3CCC4CC3C4(C)C)CCOCC2)cc1OC,OK,OK,,DDHUTBKXLWCZCO-UHFFFAOYSA-N,,511.52100000000024,510.22134731208996,32,5.292300000000005,130.16840000000008,36.92,0,4,10,5,1,4,0.7692307692307693,1,6,0,4,0,1,1.3154124571987058,775.3355374289928,-0.8200000000000001,14865871.112391174,24.309188706332527,10.205363930980395,4.984863508592555,22.76937394568524,15.382107148691802,20.330203950551343,12.293517694157607,21.916200489666046,13.086515963714959
dicyclomine,Gastro,antispasmodic,dicyclomine,3042,CURUTKGFNZGFSE-UHFFFAOYSA-N,CCN(CC)CCOC(=O)C1(CCCCC1)C2CCCCC2,CCN(CC)CCOC(=O)C1(C2CCCCC2)CCCCC1,OK,OK,,CURUTKGFNZGFSE-UHFFFAOYSA-N,,309.4940000000001,309.26677936000004,22,4.402200000000004,90.84000000000007,29.54,0,3,7,2,0,2,0.9473684210526315,0,3,0,2,0,0,1.9368165406411606,326.32688473225033,-0.5700000000000001,114495.27089577133,17.778714552372673,8.9049901544223,4.244923977869011,15.838652525367095,10.725510624722073,14.74055538222898,9.62209878219137,14.74055538222898,9.62209878219137
bisacodyl,Gastro,laxative,bisacodyl,2391,KHOITXIGCFIULA-UHFFFAOYSA-N,CC(=O)OC1=CC=C(C=C1)C(C2=CC=C(C=C2)OC(=O)C)C3=CC=CC=N3,CC(=O)Oc1ccc(C(c2ccc(OC(C)=O)cc2)c2ccccn2)cc1,OK,OK,,KHOITXIGCFIULA-UHFFFAOYSA-N,,361.3970000000001,361.13140808800006,27,4.112400000000003,100.68400000000003,65.49000000000001,0,5,5,3,3,0,0.13636363636363635,0,5,0,0,1,2,1.9671554961425297,859.2913062763904,-3.4699999999999993,1286184.8119997352,18.3249450497859,8.2729202232068,4.788877194748414,19.22540387131522,13.024877143252587,15.085760256820551,8.503985507359818,15.085760256820551,8.503985507359818
picosulfate,Gastro,laxative,sodium picosulfate,68654,GOZDTZWAMGHLDY-UHFFFAOYSA-L,C1=CC=NC(=C1)C(C2=CC=C(C=C2)OS(=O)(=O)[O-])C3=CC=C(C=C3)OS(=O)(=O)[O-].[Na+].[Na+],O=S(=O)(O)Oc1ccc(C(c2ccc(OS(=O)(=O)O)cc2)c2ccccn2)cc1,OK,OK,,UJIDKYTZIQTXPM-UHFFFAOYSA-N,,437.45100000000014,437.0239084399999,29,2.625,102.41920000000005,140.08999999999997,2,7,7,3,3,0,0.05555555555555555,0,11,0,0,1,2,1.9795633231153285,1099.3732259834537,-2.9899999999999998,2062182.1287809305,20.736789445448476,8.169446796341495,5.991925799708329,21.07070333293597,13.606086266752904,14.613180609675918,8.052637298102205,16.24617377153137,10.782934041442426
