compound_name,group,subgroup,canonical_smiles,MolWt,ExactMolWt,HeavyAtomCount,MolLogP,MolMR,TPSA,HBD,HBA,RotBonds,RingCount,AromaticRingCount,AliphaticRingCount,FractionCSP3,FormalCharge,NumHeteroatoms,NumAmideBonds,NumSaturatedRings,NumAromaticHeterocycles,NumAromaticCarbocycles
acetaminophen,Bol,anilide,CC(=O)Nc1ccc(O)cc1,151.165,151.063328528,11,1.3505999999999998,42.41050000000002,49.33,2,2,1,1,1,0,0.125,0,3,1,0,0,1
ibuprofen,Bol,nsaid_propionic,CC(C)Cc1ccc(C(C)C(=O)O)cc1,206.28499999999997,206.130679816,15,3.073200000000001,61.03480000000004,37.3,1,1,4,1,1,0,0.46153846153846156,0,2,0,0,0,1
naproxen,Bol,nsaid_propionic,COc1ccc2cc([C@H](C)C(=O)O)ccc2c1,230.26299999999998,230.094294308,17,3.036500000000001,66.55080000000004,46.53,1,2,3,2,2,0,0.21428571428571427,0,3,0,0,0,2
ketoprofen,Bol,nsaid_propionic,CC(C(=O)O)c1cccc(C(=O)c2ccccc2)c1,254.285,254.094294308,19,3.1057000000000006,72.36730000000004,54.370000000000005,1,2,4,2,2,0,0.125,0,3,0,0,0,2
dexketoprofen,Bol,nsaid_propionic,C[C@H](C(=O)O)c1cccc(C(=O)c2ccccc2)c1,254.285,254.094294308,19,3.1057000000000006,72.36730000000004,54.370000000000005,1,2,4,2,2,0,0.125,0,3,0,0,0,2
flurbiprofen,Bol,nsaid_propionic,CC(C(=O)O)c1ccc(-c2ccccc2)c(F)c1,244.265,244.089957876,18,3.6808000000000023,67.88680000000002,37.3,1,1,3,2,2,0,0.13333333333333333,0,3,0,0,0,2
fenoprofen,Bol,nsaid_propionic,CC(C(=O)O)c1cccc(Oc2ccccc2)c1,242.274,242.094294308,18,3.6670000000000025,69.00880000000004,46.53,1,2,4,2,2,0,0.13333333333333333,0,3,0,0,0,2
tiaprofenic acid,Bol,nsaid_propionic,CC(C(=O)O)c1ccc(C(=O)c2ccccc2)s1,260.31399999999996,260.050715244,18,3.167200000000001,70.24430000000002,54.370000000000005,1,3,4,2,2,0,0.14285714285714285,0,4,0,0,1,1
aspirin,Bol,nsaid_salicylate,CC(=O)Oc1ccccc1C(=O)O,180.15899999999996,180.042258736,13,1.3101,44.71030000000002,63.60000000000001,1,3,2,1,1,0,0.1111111111111111,0,4,0,0,0,1
salicylic acid,Bol,nsaid_salicylate,O=C(O)c1ccccc1O,138.12199999999999,138.031694052,10,1.0903999999999998,35.06609999999999,57.53,2,2,1,1,1,0,0.0,0,3,0,0,0,1
diclofenac,Bol,nsaid_acetic,O=C(O)Cc1ccccc1Nc1c(Cl)cccc1Cl,296.153,295.01668395200005,19,4.364100000000001,77.52650000000003,49.33,2,2,4,2,2,0,0.07142857142857142,0,5,0,0,0,2
aceclofenac,Bol,nsaid_acetic,O=C(O)COC(=O)Cc1ccccc1Nc1c(Cl)cccc1Cl,354.18899999999996,353.022163256,23,3.907300000000002,88.48550000000003,75.63000000000001,2,4,6,2,2,0,0.125,0,7,0,0,0,2
indomethacin,Bol,nsaid_acetic,COc1ccc2c(c1)c(CC(=O)O)c(C)n2C(=O)c1ccc(Cl)cc1,357.7930000000002,357.0767856719999,25,3.9273200000000026,95.74730000000005,68.53,1,3,4,3,3,0,0.15789473684210525,0,6,0,0,1,2
ketorolac,Bol,nsaid_acetic,O=C(c1ccccc1)c1ccc2n1CCC2C(=O)O,255.273,255.089543276,19,2.291,69.30030000000004,59.3,1,2,3,3,2,1,0.2,0,4,0,0,1,1
mefenamic acid,Bol,nsaid_fenamate,Cc1cccc(Nc2ccccc2C(=O)O)c1C,241.29,241.11027872,18,3.7452400000000017,72.60000000000004,49.33,2,2,3,2,2,0,0.13333333333333333,0,3,0,0,0,2
tolfenamic acid,Bol,nsaid_fenamate,Cc1c(Cl)cccc1Nc1ccccc1C(=O)O,261.70799999999997,261.055656304,18,4.090220000000002,72.87300000000002,49.33,2,2,3,2,2,0,0.07142857142857142,0,4,0,0,0,2
meloxicam,Bol,nsaid_oxicam,Cc1cnc(NC(=O)C2=C(O)c3ccccc3S(=O)(=O)N2C)s1,351.4090000000001,351.034747896,23,1.9509199999999998,86.42030000000004,99.6,2,6,2,3,2,1,0.14285714285714285,0,9,1,0,1,1
piroxicam,Bol,nsaid_oxicam,CN1C(C(=O)Nc2ccccn2)=C(O)c2ccccc2S1(=O)=O,331.353,331.062676896,23,1.5810000000000002,83.80630000000004,99.60000000000001,2,5,2,3,2,1,0.06666666666666667,0,8,1,0,1,1
lornoxicam,Bol,nsaid_oxicam,CN1C(C(=O)Nc2ccccn2)=C(O)c2sc(Cl)cc2S1(=O)=O,371.82700000000006,370.98012548,23,2.2959000000000005,86.69330000000001,99.60000000000001,2,6,2,3,2,1,0.07692307692307693,0,10,1,0,2,0
nimesulide,Bol,nsaid_sulfonanilide,CS(=O)(=O)Nc1ccc([N+](=O)[O-])cc1Oc1ccccc1,308.315,308.046692484,21,2.7586000000000004,78.07890000000003,98.54,1,5,5,2,2,0,0.07692307692307693,0,8,0,0,0,2
celecoxib,Bol,nsaid_coxib,Cc1ccc(-c2cc(C(F)(F)F)nn2-c2ccc(S(N)(=O)=O)cc2)cc1,381.3790000000001,381.075882348,26,3.5139200000000015,90.11220000000003,77.98,1,3,3,3,3,0,0.11764705882352941,0,9,0,0,1,2
etoricoxib,Bol,nsaid_coxib,Cc1ccc(-c2ncc(Cl)cc2-c2ccc(S(C)(=O)=O)cc2)cn1,358.8500000000001,358.0542764,24,4.175920000000003,95.76080000000002,59.92,0,4,3,3,3,0,0.1111111111111111,0,6,0,0,2,1
metamizole,Bol,pyrazolone,Cc1c(N(C)CS(=O)(=O)O)c(=O)n(-c2ccccc2)n1C,311.36300000000006,311.09397702399997,21,0.7659199999999999,80.56560000000005,84.54,1,4,4,2,2,0,0.3076923076923077,0,8,0,0,1,1
propyphenazone,Bol,pyrazolone,Cc1c(C(C)C)c(=O)n(-c2ccccc2)n1C,230.31100000000004,230.141913196,17,2.6078200000000002,69.83600000000004,26.93,0,1,2,2,2,0,0.35714285714285715,0,3,0,0,1,1
phenazone,Bol,pyrazolone,Cc1cc(=O)n(-c2ccccc2)n1C,188.23000000000005,188.094963004,14,1.4844199999999999,55.74700000000003,26.93,0,1,1,2,2,0,0.18181818181818182,0,3,0,0,1,1
caffeine,Bol,adjuvant,Cn1c(=O)c2c(ncn2C)n(C)c1=O,194.194,194.08037556,14,-1.0293,51.19600000000001,61.82,0,3,0,2,2,0,0.375,0,6,0,0,2,0
codeine,Bol,opioid_like,COc1ccc2c3c1O[C@H]1[C@@H](O)C=C[C@H]4[C@@H](C2)N(C)CC[C@@]341,299.37,299.152143532,22,1.5011,82.46380000000005,41.93000000000001,1,4,1,5,1,4,0.5555555555555556,0,4,0,1,0,1
tramadol,Bol,opioid_like,COc1cccc([C@@]2(O)CCCC[C@@H]2CN(C)C)c1,263.381,263.18852904,19,2.634600000000001,77.40280000000006,32.7,1,3,4,2,1,1,0.625,0,3,0,1,0,1
benzydamine,Bol,local_antiinflammatory,CN(C)CCCOc1nn(Cc2ccccc2)c2ccccc12,309.413,309.184112356,23,3.4151000000000016,93.94300000000005,30.29,0,3,7,3,3,0,0.3157894736842105,0,4,0,0,1,2
benzocaine,Bol,local_anesthetic,CCOC(=O)c1ccc(N)cc1,165.19199999999998,165.078978592,12,1.4455,46.81090000000002,52.32,1,3,2,1,1,0,0.2222222222222222,0,3,0,0,0,1
cetirizine,Oddech,antihistamine,O=C(O)COCCN1CCN(C(c2ccccc2)c2ccc(Cl)cc2)CC1,388.8950000000001,388.15537034000005,27,3.1482000000000028,106.20480000000005,53.010000000000005,1,4,8,3,2,1,0.38095238095238093,0,6,0,1,0,2
levocetirizine,Oddech,antihistamine,O=C(O)COCCN1CCN([C@H](c2ccccc2)c2ccc(Cl)cc2)CC1,388.8950000000001,388.15537034000005,27,3.1482000000000028,106.20480000000005,53.010000000000005,1,4,8,3,2,1,0.38095238095238093,0,6,0,1,0,2
loratadine,Oddech,antihistamine,CCOC(=O)N1CCC(=C2c3ccc(Cl)cc3CCc3cccnc32)CC1,382.8910000000001,382.144805656,27,4.887800000000005,106.94800000000004,42.43,0,3,1,4,2,2,0.36363636363636365,0,5,1,1,1,1
desloratadine,Oddech,antihistamine,Clc1ccc2c(c1)CCc1cccnc1C2=C1CCNCC1,310.828,310.12367628800007,22,4.018900000000003,91.22270000000003,24.92,1,2,0,4,2,2,0.3157894736842105,0,3,0,1,1,1
fexofenadine,Oddech,antihistamine,CC(C)(C(=O)O)c1ccc(C(O)CCCN2CCC(C(O)(c3ccccc3)c3ccccc3)CC2)cc1,501.6670000000001,501.2879087279999,37,5.5105000000000075,146.3443999999999,81.0,3,4,10,4,3,1,0.40625,0,5,0,1,0,3
bilastine,Oddech,antihistamine,CCOCCn1c(C2CCN(CCc3ccc(C(C)(C)C(=O)O)cc3)CC2)nc2ccccc21,463.62200000000036,463.28349204399996,34,4.857100000000004,135.44879999999998,67.59,1,4,10,4,3,1,0.5,0,6,0,1,1,2
ebastine,Oddech,antihistamine,CC(C)(C)c1ccc(C(=O)CCCN2CCC(OC(c3ccccc3)c3ccccc3)CC2)cc1,469.6690000000001,469.298079488,35,7.217600000000008,143.9804999999998,29.540000000000003,0,3,9,4,3,1,0.40625,0,3,0,1,0,3
rupatadine,Oddech,antihistamine,Cc1cncc(CN2CCC(=C3c4ccc(Cl)cc4CCc4cccnc43)CC2)c1,415.9680000000001,415.181525512,30,5.6349200000000055,122.60400000000003,29.020000000000003,0,3,2,5,3,2,0.3076923076923077,0,4,0,1,2,1
diphenhydramine,Oddech,antihistamine,CN(C)CCOC(c1ccccc1)c1ccccc1,255.36100000000002,255.162314292,19,3.3542000000000023,79.23300000000006,12.47,0,2,6,2,2,0,0.29411764705882354,0,2,0,0,0,2
chlorpheniramine,Oddech,antihistamine,CN(C)CCC(c1ccc(Cl)cc1)c1ccccn1,274.795,274.123676288,19,3.8186000000000027,80.70300000000005,16.130000000000003,0,2,5,2,2,0,0.3125,0,3,0,0,1,1
clemastine,Oddech,antihistamine,CN1CCC[C@@H]1CCO[C@](C)(c1ccccc1)c1ccc(Cl)cc1,343.8980000000002,343.170292132,24,5.104400000000005,100.56900000000007,12.47,0,2,6,3,2,1,0.42857142857142855,0,3,0,1,0,2
hydroxyzine,Oddech,antihistamine,OCCOCCN1CCN(C(c2ccccc2)c2ccc(Cl)cc2)CC1,374.91200000000003,374.176105784,26,3.055900000000001,105.65480000000005,35.94,1,4,8,3,2,1,0.42857142857142855,0,5,0,1,0,2
phenylephrine,Oddech,decongestant,CNC[C@H](O)c1cccc(O)c1,167.208,167.094628656,12,0.6449999999999998,46.99330000000003,52.489999999999995,3,3,3,1,1,0,0.3333333333333333,0,3,0,0,0,1
pseudoephedrine,Oddech,decongestant,CN[C@@H](C)[C@@H](O)c1ccccc1,165.236,165.1153641,12,1.3278999999999999,49.92350000000003,32.26,2,2,3,1,1,0,0.4,0,2,0,0,0,1
ephedrine,Oddech,decongestant,CN[C@@H](C)[C@H](O)c1ccccc1,165.236,165.1153641,12,1.3278999999999999,49.92350000000003,32.26,2,2,3,1,1,0,0.4,0,2,0,0,0,1
xylometazoline,Oddech,decongestant,Cc1cc(C(C)(C)C)cc(C)c1CC1=NCCN1,244.38199999999995,244.19394876799998,18,3.1451400000000014,78.62470000000005,24.39,1,2,2,2,1,1,0.5625,0,2,0,0,0,1
oxymetazoline,Oddech,decongestant,Cc1cc(C(C)(C)C)c(O)c(C)c1CC1=NCCN1,260.381,260.188863388,19,2.850740000000001,80.28950000000003,44.620000000000005,2,3,2,2,1,1,0.5625,0,3,0,0,0,1
naphazoline,Oddech,decongestant,c1ccc2c(CC3=NCCN3)cccc2c1,210.28,210.115698448,16,2.3840000000000003,67.95670000000004,24.39,1,2,2,3,2,1,0.21428571428571427,0,2,0,0,0,2
dextromethorphan,Oddech,antitussive,COc1ccc2c(c1)[C@]13CCCC[C@@H]1[C@H](C2)N(C)CC3,271.40400000000005,271.19361442,20,3.3834000000000026,81.36900000000006,12.47,0,2,1,4,1,3,0.6666666666666666,0,2,0,2,0,1
butamirate,Oddech,antitussive,CCC(C(=O)OCCOCCN(CC)CC)c1ccccc1,307.434,307.214743788,22,3.081800000000001,89.04000000000006,38.77,0,4,11,1,1,0,0.6111111111111112,0,4,0,0,0,1
noscapine,Oddech,antitussive,COc1ccc2c(c1OC)C(=O)O[C@@H]2[C@H]1c2c(cc3c(c2OC)OCO3)CCN1C,413.4260000000003,413.14745207599987,30,2.881800000000001,105.89450000000008,75.69000000000001,0,8,4,5,2,3,0.4090909090909091,0,8,0,0,0,2
ambroxol,Oddech,mucolytic,Nc1c(Br)cc(Br)cc1CNC1CCC(O)CC1,378.108,375.978587396,18,3.186900000000001,81.35690000000001,58.28,3,3,3,2,1,1,0.5384615384615384,0,5,0,1,0,1
bromhexine,Oddech,mucolytic,CN(Cc1cc(Br)cc(Br)c1N)C1CCCCC1,376.1360000000002,373.99932284000005,18,4.558300000000004,84.59440000000004,29.259999999999998,1,2,3,2,1,1,0.5714285714285714,0,4,0,1,0,1
guaifenesin,Oddech,mucolytic,COc1ccccc1OCC(O)CO,198.21799999999996,198.089208928,14,0.4272000000000001,51.58160000000003,58.92,2,4,5,1,1,0,0.4,0,4,0,0,0,1
acetylcysteine,Oddech,mucolytic,CC(=O)N[C@@H](CS)C(=O)O,163.198,163.030314148,10,-0.4945,39.093500000000006,66.4,3,3,3,0,0,0,0.6,0,5,1,0,0,0
carbocisteine,Oddech,mucolytic,N[C@@H](CSCC(=O)O)C(=O)O,179.19699999999997,179.025228768,11,-0.7838999999999996,40.571999999999996,100.61999999999999,3,4,5,0,0,0,0.6,0,6,0,0,0,0
erdosteine,Oddech,mucolytic,O=C(O)CSCC(=O)NC1CCSC1=O,249.31299999999996,249.012949832,15,-0.04750000000000015,58.973500000000016,83.47,2,5,5,1,0,1,0.625,0,7,1,1,0,0
salbutamol,Oddech,bronchodilator,CC(C)(C)NCC(O)c1ccc(O)c(CO)c1,239.315,239.152143532,17,1.3059999999999998,66.74510000000004,72.72,4,4,4,1,1,0,0.5384615384615384,0,4,0,0,0,1
montelukast,Oddech,leukotriene_antagonist,CC(C)(O)c1ccccc1CC[C@@H](SCC1(CC(=O)O)CC1)c1cccc(/C=C/c2ccc3ccc(Cl)cc3n2)c1,586.1970000000003,585.2104426920001,41,8.948000000000002,171.2495999999996,70.42,2,4,12,5,4,1,0.3142857142857143,0,6,0,1,1,3
azelastine,Oddech,nasal_antihistamine,CN1CCCC(n2nc(Cc3ccc(Cl)cc3)c3ccccc3c2=O)CC1,381.90700000000015,381.160790068,27,4.297500000000004,110.64600000000003,38.13,0,3,3,4,3,1,0.36363636363636365,0,5,0,1,1,2
omeprazole,Gastro,ppi,COc1ccc2nc([S+]([O-])Cc3ncc(C)c(OC)c3C)[nH]c2c1,345.42400000000004,345.114712468,24,2.8997400000000013,93.02110000000003,83.09,1,5,5,3,3,0,0.29411764705882354,0,7,0,0,2,1
esomeprazole,Gastro,ppi,COc1ccc2nc([S@@+]([O-])Cc3ncc(C)c(OC)c3C)[nH]c2c1,345.42400000000004,345.114712468,24,2.8997400000000013,93.02110000000003,83.09,1,5,5,3,3,0,0.29411764705882354,0,7,0,0,2,1
pantoprazole,Gastro,ppi,COc1ccnc(C[S+]([O-])c2nc3ccc(OC(F)F)cc3[nH]2)c1OC,383.3760000000001,383.07513339999997,26,2.8843000000000005,90.17910000000005,92.32000000000001,1,6,7,3,3,0,0.25,0,10,0,0,2,1
lansoprazole,Gastro,ppi,Cc1c(OCC(F)(F)F)ccnc1C[S+]([O-])c1nc2ccccc2[nH]1,369.36800000000005,369.075882348,25,3.515220000000002,86.73010000000005,73.86,1,4,5,3,3,0,0.25,0,9,0,0,2,1
rabeprazole,Gastro,ppi,COCCCOc1ccnc(C[S+]([O-])c2nc3ccccc3[nH]2)c1C,359.4510000000002,359.130362532,25,2.989420000000001,97.16810000000005,83.09,1,5,8,3,3,0,0.3333333333333333,0,7,0,0,2,1
famotidine,Gastro,h2_blocker,NC(N)=Nc1nc(CSCC/C(N)=N/S(N)(=O)=O)cs1,337.4560000000001,337.04493572,20,-0.7679999999999998,83.0924,175.83,4,6,7,1,1,0,0.375,0,12,0,0,1,0
cimetidine,Gastro,h2_blocker,CN=C(NC#N)NCCSCc1nc[nH]c1C,252.347,252.11571551199998,17,0.5973999999999998,69.59710000000001,88.88999999999999,3,4,5,1,1,0,0.5,0,7,0,0,1,0
ranitidine,Gastro,h2_blocker,CN/C(=C\[N+](=O)[O-])NCCSCc1ccc(CN(C)C)o1,314.41100000000006,314.141261564,21,1.4589999999999996,84.40080000000003,83.58,2,7,10,1,1,0,0.5384615384615384,0,8,0,0,1,0
nizatidine,Gastro,h2_blocker,CNC(=C[N+](=O)[O-])NCCSCc1csc(CN(C)C)n1,331.4670000000001,331.11366691200004,21,1.3224999999999996,87.80680000000004,83.33,2,8,10,1,1,0,0.5833333333333334,0,9,0,0,1,0
lafutidine,Gastro,h2_blocker,O=C(C[S+]([O-])Cc1ccco1)NC/C=C\COc1cc(CN2CCCCC2)ccn1,431.55800000000016,431.18787740799996,30,2.6606000000000005,116.43110000000004,90.66,1,6,11,3,2,1,0.45454545454545453,0,8,1,1,2,0
loperamide,Gastro,antidiarrheal,CN(C)C(=O)C(CCN1CCC(O)(c2ccc(Cl)cc2)CC1)(c1ccccc1)c1ccccc1,477.04800000000006,476.223055976,34,5.088000000000005,137.99779999999987,43.78,1,3,7,4,3,1,0.3448275862068966,0,5,1,1,0,3
diphenoxylate,Gastro,antidiarrheal,CCOC(=O)C1(c2ccccc2)CCN(CCC(C#N)(c2ccccc2)c2ccccc2)CC1,452.59800000000007,452.246378264,34,5.483280000000006,134.32099999999994,53.33,0,4,8,4,3,1,0.3333333333333333,0,4,0,1,0,3
racecadotril,Gastro,antidiarrheal,CC(=O)SCC(Cc1ccccc1)C(=O)NCC(=O)OCc1ccccc1,385.4850000000002,385.13477921599997,27,2.9846000000000013,106.02270000000001,72.47,1,5,9,2,2,0,0.2857142857142857,0,6,1,0,0,2
metoclopramide,Gastro,antiemetic_prokinetic,CCN(CC)CCNC(=O)c1cc(Cl)c(N)cc1OC,299.802,299.140054624,20,2.0023999999999997,82.53760000000004,67.59,2,4,7,1,1,0,0.5,0,6,1,0,0,1
domperidone,Gastro,antiemetic_prokinetic,O=c1[nH]c2ccccc2n1CCCN1CCC(n2c(=O)[nH]c3cc(Cl)ccc32)CC1,425.92000000000024,425.161852688,30,3.353200000000001,119.45540000000003,78.82,2,3,5,5,4,1,0.36363636363636365,0,8,0,1,2,2
ondansetron,Gastro,antiemetic_prokinetic,Cc1nccn1CC1CCc2c(c3ccccc3n2C)C1=O,293.37,293.152812228,22,3.1285200000000017,86.02450000000005,39.82,0,2,2,4,3,1,0.3333333333333333,0,4,0,0,2,1
granisetron,Gastro,antiemetic_prokinetic,CN1[C@@H]2CCC[C@H]1CC(NC(=O)c1nn(C)c3ccccc13)C2,312.41700000000003,312.195011388,23,2.3184000000000005,90.39220000000006,50.160000000000004,1,3,2,4,2,2,0.5555555555555556,0,5,1,2,1,1
itopride,Gastro,antiemetic_prokinetic,COc1ccc(C(=O)NCc2ccc(OCCN(C)C)cc2)cc1OC,358.4380000000001,358.18925731199994,26,2.574200000000001,101.20720000000007,60.03,1,5,9,2,2,0,0.35,0,6,1,0,0,2
mosapride,Gastro,antiemetic_prokinetic,CCOc1cc(N)c(Cl)cc1C(=O)NCC1CN(Cc2ccc(F)cc2)CCO1,421.9000000000001,421.1568475600001,29,3.0908000000000007,110.78360000000004,76.82,2,5,7,3,2,1,0.38095238095238093,0,8,1,1,0,2
prucalopride,Gastro,antiemetic_prokinetic,COCCCN1CCC(NC(=O)c2cc(Cl)c(N)c3c2OCC3)CC1,367.8770000000002,367.166269372,25,2.0878,98.48460000000004,76.82,2,5,6,3,1,2,0.6111111111111112,0,7,1,1,0,1
hyoscine,Gastro,antispasmodic,CN1[C@@H]2CC(OC(=O)[C@H](CO)c3ccccc3)C[C@H]1[C@@H]1O[C@@H]12,303.35799999999995,303.147058152,22,0.9180999999999993,79.38280000000005,62.3,1,5,4,4,1,3,0.5882352941176471,0,5,0,3,0,1
drotaverine,Gastro,antispasmodic,CCOc1ccc(/C=C2\NCCc3cc(OCC)c(OCC)cc32)cc1OCC,397.5150000000002,397.22530847199994,29,4.925200000000005,117.13770000000008,48.95,1,5,9,3,2,1,0.4166666666666667,0,5,0,0,0,2
mebeverine,Gastro,antispasmodic,CCN(CCCCOC(=O)c1ccc(OC)c(OC)c1)C(C)Cc1ccc(OC)cc1,429.55700000000024,429.25152321999997,31,4.6025000000000045,122.46950000000005,57.230000000000004,0,6,13,2,2,0,0.48,0,6,0,0,0,2
trimebutine,Gastro,antispasmodic,CCC(COC(=O)c1cc(OC)c(OC)c(OC)c1)(c1ccccc1)N(C)C,387.47600000000006,387.2045730280001,28,3.7363000000000026,108.47850000000007,57.23000000000001,0,6,9,2,2,0,0.4090909090909091,0,6,0,0,0,2
alverine,Gastro,antispasmodic,CCN(CCCc1ccccc1)CCCc1ccccc1,281.443,281.214349864,21,4.5739000000000045,91.64000000000007,3.24,0,1,9,2,2,0,0.4,0,1,0,0,0,2
otilonium,Gastro,antispasmodic,CCCCCCCCOc1ccccc1C(=O)Nc1ccc(C(=O)OCC[N+](C)(CC)CC)cc1,483.6730000000004,483.32173427609,35,6.321400000000007,142.12409999999988,64.63,1,4,16,2,2,0,0.5172413793103449,1,6,1,0,0,2
pinaverium,Gastro,antispasmodic,COc1cc(Br)c(C[N+]2(CCOCCC3CCC4CC3C4(C)C)CCOCC2)cc1OC,511.52100000000024,510.22134731208996,32,5.292300000000005,130.16840000000008,36.92,0,4,10,5,1,4,0.7692307692307693,1,6,0,4,0,1
dicyclomine,Gastro,antispasmodic,CCN(CC)CCOC(=O)C1(C2CCCCC2)CCCCC1,309.4940000000001,309.26677936000004,22,4.402200000000004,90.84000000000007,29.54,0,3,7,2,0,2,0.9473684210526315,0,3,0,2,0,0
bisacodyl,Gastro,laxative,CC(=O)Oc1ccc(C(c2ccc(OC(C)=O)cc2)c2ccccn2)cc1,361.3970000000001,361.13140808800006,27,4.112400000000003,100.68400000000003,65.49000000000001,0,5,5,3,3,0,0.13636363636363635,0,5,0,0,1,2
picosulfate,Gastro,laxative,O=S(=O)(O)Oc1ccc(C(c2ccc(OS(=O)(=O)O)cc2)c2ccccn2)cc1,437.45100000000014,437.0239084399999,29,2.625,102.41920000000005,140.08999999999997,2,7,7,3,3,0,0.05555555555555555,0,11,0,0,1,2
