compound_name,group,subgroup,canonical_smiles,BalabanJ,BertzCT,HallKierAlpha,Ipc,Kappa1,Kappa2,Kappa3,Chi0,Chi1,Chi0n,Chi1n,Chi0v,Chi1v
acetaminophen,Bol,anilide,CC(=O)Nc1ccc(O)cc1,2.7362980721056545,253.2994975838911,-1.51,285.51074052739676,7.595374077976819,3.0531381005525,2.292303972882069,8.267584713501616,5.1815405503520555,6.164862962722325,3.2490981480278296,6.164862962722325,3.2490981480278296
ibuprofen,Bol,nsaid_propionic,CC(C)Cc1ccc(C(C)C(=O)O)cc1,2.7590371332701524,324.8941190021566,-1.31,1862.335967918465,11.763046018991963,4.964460295417243,3.387630631562938,11.422285251880869,7.002907755397974,9.526670282288125,5.320300905843471,9.526670282288125,5.320300905843471
naproxen,Bol,nsaid_propionic,COc1ccc2cc([C@H](C)C(=O)O)ccc2c1,2.4789644386388336,560.3959195741091,-2.03,7938.521015168045,11.455255502156714,4.454042614687935,2.228492726961196,12.41384908344359,8.113392202930193,9.805162060755068,5.420871660482128,9.805162060755068,5.420871660482128
ketoprofen,Bol,nsaid_propionic,CC(C(=O)O)c1cccc(C(=O)c2ccccc2)c1,2.3400417314396122,602.4009276194483,-2.42,22591.317090460372,13.022119949627315,5.48174392776679,2.8809965743383805,13.828062645816686,9.092224152875016,10.537212868323945,6.018606434161971,10.537212868323945,6.018606434161971
dexketoprofen,Bol,nsaid_propionic,C[C@H](C(=O)O)c1cccc(C(=O)c2ccccc2)c1,2.3400417314396122,602.4009276194483,-2.42,22591.317090460372,13.022119949627315,5.48174392776679,2.8809965743383805,13.828062645816686,9.092224152875016,10.537212868323945,6.018606434161971,10.537212868323945,6.018606434161971
flurbiprofen,Bol,nsaid_propionic,CC(C(=O)O)c1ccc(-c2ccccc2)c(F)c1,2.4013638717125736,563.9612141459354,-2.1599999999999997,12990.19817482377,12.300954293871056,5.001422908877978,2.399039500976548,13.120955864630139,8.592224152875016,9.929578781679682,5.670131192101321,9.929578781679682,5.670131192101321
fenoprofen,Bol,nsaid_propionic,CC(C(=O)O)c1cccc(Oc2ccccc2)c1,2.2004230467040573,534.4447945489236,-2.2899999999999996,14082.715728751731,12.174429825362497,5.361092663978125,2.8844001158568524,12.957819157813608,8.664703797946448,10.037212868323945,5.722730579393904,10.037212868323945,5.722730579393904
tiaprofenic acid,Bol,nsaid_propionic,CC(C(=O)O)c1ccc(C(=O)c2ccccc2)s1,2.257472117977395,571.7348569747639,-1.9399999999999995,16956.097076458358,12.515189531740264,5.142856035306582,2.4858148136937883,13.120955864630139,8.592224152875016,9.790760620408555,5.516171122102876,10.607257201336282,6.332667703030602
aspirin,Bol,nsaid_salicylate,CC(=O)Oc1ccccc1C(=O)O,3.0435273546341013,343.22286772671646,-1.8399999999999999,729.6807528797516,9.249605734767023,3.7092512583454584,2.297415032519928,9.844934982691242,6.109060905280622,6.9813595436500515,3.6174536478673316,6.9813595436500515,3.6174536478673316
salicylic acid,Bol,nsaid_salicylate,O=C(O)c1ccccc1O,3.1529414466808685,254.78306142431708,-1.51,182.2382192735223,6.607785630153122,2.389632707443791,1.0748936229840518,7.5604779323150675,4.71521405516327,5.112076558222283,2.728688009921516,5.112076558222283,2.728688009921516
diclofenac,Bol,nsaid_acetic,O=C(O)Cc1ccccc1Nc1c(Cl)cccc1Cl,2.3558879442321032,593.8950014443017,-1.7099999999999995,18978.935565489523,13.715440199973633,5.9544053534163845,3.397616957868233,13.828062645816685,9.075387400469408,9.859949497496205,5.584169402223603,11.371807389533116,6.3400983482420585
aceclofenac,Bol,nsaid_acetic,O=C(O)COC(=O)Cc1ccccc1Nc1c(Cl)cccc1Cl,2.1753707068699124,713.5202167690672,-2.2399999999999993,125088.26390495044,17.11919928633218,7.852116863221183,4.873913787667224,16.81962647737941,10.96923425058676,11.883552859610479,6.634646217875553,13.39541075164739,7.390575163894009
indomethacin,Bol,nsaid_acetic,COc1ccc2c(c1)c(CC(=O)O)c(C)n2C(=O)c1ccc(Cl)cc1,2.232371733378278,973.2479304430422,-2.7899999999999996,468921.44290781184,17.04669994118993,6.607181634243952,3.1046664994872564,18.137463722575188,11.917922655570505,13.745695200914664,7.62053801160924,14.501624146933118,7.998502484618467
ketorolac,Bol,nsaid_acetic,O=C(c1ccccc1)c1ccc2n1CCC2C(=O)O,1.9881168620497738,642.6652275716832,-2.36,39227.76550206533,11.71480336716462,4.387759596716938,1.8518175588367969,13.40541291500631,9.181540550352056,10.243939487817746,6.202262214430046,10.243939487817746,6.202262214430046
mefenamic acid,Bol,nsaid_fenamate,Cc1cccc(Nc2ccccc2C(=O)O)c1C,2.402484300749035,590.7975148337515,-2.2899999999999996,12394.310314522927,12.174429825362497,4.918407118135079,2.3483829738413826,13.120955864630139,8.592224152875016,10.396913770291205,5.74909814802783,10.396913770291205,5.74909814802783
tolfenamic acid,Bol,nsaid_fenamate,Cc1c(Cl)cccc1Nc1ccccc1C(=O)O,2.4024843007490344,596.0979048590729,-1.9999999999999996,12394.310314522927,12.456747404844291,5.104166666666667,2.4620187304890737,13.120955864630139,8.592224152875016,9.77487824330043,5.4380803845324435,10.530807189318883,5.81604485754167
meloxicam,Bol,nsaid_oxicam,Cc1cnc(NC(=O)C2=C(O)c3ccccc3S(=O)(=O)N2C)s1,2.086827219746808,931.0039542533557,-2.3899999999999997,168046.91473444315,15.503582135477622,5.355825178237105,2.470915259971133,16.775656403009393,10.819404336325702,12.26963358476732,6.574662382377611,13.902626746622772,8.831222292105975
piroxicam,Bol,nsaid_oxicam,CN1C(C(=O)Nc2ccccn2)=C(O)c2ccccc2S1(=O)=O,2.0932817931934427,907.3290496863176,-2.8699999999999997,164390.10264508025,15.042183664330786,5.398063656574466,2.4232486117292016,16.61251969619286,10.925557486208348,12.093436101872335,6.6664140919137465,12.909932682800061,8.106477420714386
lornoxicam,Bol,nsaid_oxicam,CN1C(C(=O)Nc2ccccn2)=C(O)c2sc(Cl)cc2S1(=O)=O,2.0882203495254026,921.951206826328,-2.0999999999999996,167104.46225103823,15.782706279437843,5.5155368130290725,2.5606961417825627,16.77565640300939,10.8194043363257,11.647598057776547,6.263644618882224,14.036520165650455,8.898169001619816
nimesulide,Bol,nsaid_sulfonanilide,CS(=O)(=O)Nc1ccc([N+](=O)[O-])cc1Oc1ccccc1,2.4291766926242557,759.3860166888998,-2.6099999999999994,40099.974691084804,14.791944718770356,5.7959776764561335,4.180172369295591,15.45781915781361,9.84915520981396,11.015505491800146,5.841426703148626,11.832002072727873,7.73283824120688
celecoxib,Bol,nsaid_coxib,Cc1ccc(-c2cc(C(F)(F)F)nn2-c2ccc(S(N)(=O)=O)cc2)cc1,2.160670373157657,1038.352309274621,-2.649999999999999,574866.9522088347,18.150392143132244,6.257288917142293,3.630382561957936,19.112519696192862,12.05368002394561,13.526568173315447,7.431011521006022,14.343064754243173,8.977330998927583
etoricoxib,Bol,nsaid_coxib,Cc1ccc(-c2ncc(Cl)cc2-c2ccc(S(C)(=O)=O)cc2)cn1,2.1335650269611928,982.5322761552856,-2.2399999999999998,244236.6748092237,16.611953882256913,6.338787742293893,3.4711425767133797,17.31962647737941,11.342355158540423,13.193288958107367,7.235050726476152,14.765714485053548,9.504426737543634
metamizole,Bol,pyrazolone,Cc1c(N(C)CS(=O)(=O)O)c(=O)n(-c2ccccc2)n1C,2.588329530830611,805.9321855038761,-2.0599999999999996,37596.702886322615,15.331143339748435,5.377849347883951,3.006125990520758,15.784092571446669,9.721032672076701,12.015705670989963,6.224472549534765,12.832202251917689,7.833637857061166
propyphenazone,Bol,pyrazolone,Cc1c(C(C)C)c(=O)n(-c2ccccc2)n1C,2.730260472737881,576.2599451429834,-1.7699999999999996,7726.100858320041,11.707729070975642,4.2424600382665165,1.8165360283398488,12.576985790260121,8.036581260209188,10.766777096601535,5.876217409478852,10.766777096601535,5.876217409478852
phenazone,Bol,pyrazolone,Cc1cc(=O)n(-c2ccccc2)n1C,2.688005786650138,493.75123770895794,-1.7699999999999996,2116.4238939696234,8.811833472450036,3.178135834949779,1.2667253288419447,10.129392033067417,6.698377302757662,8.266777096601535,4.510192005694412,8.266777096601535,4.510192005694412
caffeine,Bol,adjuvant,Cn1c(=O)c2c(ncn2C)n(C)c1=O,3.2212810810845887,616.5285919942219,-1.85,1876.0901711869099,8.73523326923911,2.5679479011227926,0.8757741627139433,10.455665446700477,6.5365812602091875,8.182701232117184,4.107927642957933,8.182701232117184,4.107927642957933
codeine,Bol,opioid_like,COc1ccc2c3c1O[C@H]1[C@@H](O)C=C[C@H]4[C@@H](C2)N(C)CC[C@@]341,1.8223654238415254,685.154996148535,-1.52,226722.00040724524,12.968359178093896,4.059867674858224,1.2776232367596778,15.060113453385565,10.663869018582146,12.951046269004294,8.102093592364021,12.951046269004294,8.102093592364021
tramadol,Bol,opioid_like,COc1cccc([C@@]2(O)CCCC[C@@H]2CN(C)C)c1,2.297593905275676,418.96488955011364,-1.06,19617.522535875934,14.35123583728531,5.9305484375353075,3.097196784151031,13.880468888623982,9.058697303059605,12.224960733344648,7.076726501624259,12.224960733344648,7.076726501624259
benzydamine,Bol,local_antiinflammatory,CN(C)CCCOc1nn(Cc2ccccc2)c2ccccc12,1.7906088847422015,749.6555305011813,-2.329999999999999,265602.6567615895,15.56131006253978,7.288957934251559,3.9025911736281094,16.070703332935974,11.237183443017884,13.774468624416564,8.008482860666152,13.774468624416564,8.008482860666152
benzocaine,Bol,local_anesthetic,CCOC(=O)c1ccc(N)cc1,2.753742758109602,266.36195376207496,-1.51,535.0628080861914,8.585328884652048,3.7588733548338538,1.985036469518851,8.974691494688164,5.736382105218448,6.910354708062404,3.7640725458859556,6.910354708062404,3.7640725458859556
cetirizine,Oddech,antihistamine,O=C(O)COCCN1CCN(C(c2ccccc2)c2ccc(Cl)cc2)CC1,1.6288871781572638,715.9663955992833,-1.919999999999999,1515588.7721554625,19.83093437247043,9.853602391335345,5.776793002915453,19.06226716449869,13.131030293135236,15.259352000638922,9.196355635859279,16.015280946657377,9.574320108868505
levocetirizine,Oddech,antihistamine,O=C(O)COCCN1CCN([C@H](c2ccccc2)c2ccc(Cl)cc2)CC1,1.6288871781572638,715.9663955992833,-1.919999999999999,1515588.7721554625,19.83093437247043,9.853602391335345,5.776793002915453,19.06226716449869,13.131030293135236,15.259352000638922,9.196355635859279,16.015280946657377,9.574320108868505
loratadine,Oddech,antihistamine,CCOC(=O)N1CCC(=C2c3ccc(Cl)cc3CCc3cccnc32)CC1,1.7553254108779228,896.9358326942498,-2.329999999999999,2060941.7419680161,18.052915404577863,7.729953781795351,3.5865231460805265,18.80275414050485,13.169035095596021,15.50273732838046,9.538469695377792,16.258666274398916,9.916434168387019
desloratadine,Oddech,antihistamine,Clc1ccc2c(c1)CCc1cccnc1C2=C1CCNCC1,1.9778513675729852,740.850445001187,-1.64,212865.7477903155,13.984366672921752,5.864062936700998,2.4668840166179695,14.94094682093905,10.826499840494922,12.531920370766228,7.985483940535461,13.287849316784682,8.363448413544688
fexofenadine,Oddech,antihistamine,CC(C)(C(=O)O)c1ccc(C(O)CCCN2CCC(C(O)(c3ccccc3)c3ccccc3)CC2)cc1,1.3110460793887622,1096.9251995589377,-2.9899999999999993,195844207.0869072,27.055745831636234,11.594940331257959,5.955035570194022,26.4680445584345,17.724235880370358,21.88445444780354,13.30304947920262,21.88445444780354,13.30304947920262
bilastine,Oddech,antihistamine,CCOCCn1c(C2CCN(CCc3ccc(C(C)(C)C(=O)O)cc3)CC2)nc2ccccc21,1.3444742338435276,1095.7867555105202,-2.6999999999999997,56108931.487918705,24.425381431206393,10.70247028376994,5.3384285516039585,24.131181265251037,16.396215279046707,20.66546441631312,12.47896882877671,20.66546441631312,12.47896882877671
ebastine,Oddech,antihistamine,CC(C)(C)c1ccc(C(=O)CCCN2CCC(OC(c3ccccc3)c3ccccc3)CC2)cc1,1.2372372975163828,1006.7271730241747,-2.749999999999999,83447955.24862275,25.346121925456465,11.789307892499163,7.126718034152437,24.675151339621046,16.897998051206248,21.45106195176754,13.014346614875945,21.45106195176754,13.014346614875945
rupatadine,Oddech,antihistamine,Cc1cncc(CN2CCC(=C3c4ccc(Cl)cc4CCc4cccnc43)CC2)c1,1.4723306255069524,1108.7665028701927,-2.489999999999999,11538717.598124286,19.472120098892105,8.329462435569324,3.9219141545255503,20.501424753254113,14.669836433395455,17.365505150521567,10.751712165866275,18.12143409654002,11.129676638875502
diphenhydramine,Oddech,antihistamine,CN(C)CCOC(c1ccccc1)c1ccccc1,2.1446055624492186,427.63544259070466,-1.6399999999999997,26276.551334166972,13.783863566244703,7.073267029461437,4.194495435474983,13.501789232183626,9.270856947829095,11.620528409422803,6.633749826242627,11.620528409422803,6.633749826242627
chlorpheniramine,Oddech,antihistamine,CN(C)CCC(c1ccc(Cl)cc1)c1ccccn1,2.25847511572667,493.91719964890143,-1.3800000000000001,22742.870000738818,14.03810833666951,6.68985926125854,4.049073463055102,13.664925939000156,9.164703797946448,11.382757649088873,6.477083780312729,12.138686595107329,6.855048253321956
clemastine,Oddech,antihistamine,CN1CCC[C@@H]1CCO[C@](C)(c1ccccc1)c1ccc(Cl)cc1,1.7824946153031798,642.6481375315342,-1.3499999999999996,408006.0049400039,17.47230332155244,7.689383736353432,3.826164180769678,16.993353063746348,11.593172145670252,14.542462956802048,8.75196915609192,15.298391902820503,9.129933629101147
hydroxyzine,Oddech,antihistamine,OCCOCCN1CCN(C(c2ccccc2)c2ccc(Cl)cc2)CC1,1.6597658526944234,642.8204701858948,-1.4299999999999997,1096995.4794379873,19.334868055054862,10.046711738220441,5.286236403307169,18.192023676495616,12.775188245478668,15.058210491361606,9.231299068300931,15.814139437380062,9.609263541310158
phenylephrine,Oddech,decongestant,CNC[C@H](O)c1cccc(O)c1,2.732558067587228,250.0387806177137,-1.06,526.2147543903251,9.031407678244971,4.088235211780761,2.2182060707578133,8.974691494688164,5.736382105218448,6.988285318134594,3.8536497081950087,6.988285318134594,3.8536497081950087
pseudoephedrine,Oddech,decongestant,CN[C@@H](C)[C@@H](O)c1ccccc1,2.7110407232330616,222.5400055614587,-0.8600000000000001,606.7749387127436,9.229766606822263,4.236737214638821,2.061452680853266,8.974691494688164,5.753218857624056,7.48866547982734,4.156916363982706,7.48866547982734,4.156916363982706
ephedrine,Oddech,decongestant,CN[C@@H](C)[C@H](O)c1ccccc1,2.7110407232330616,222.5400055614587,-0.8600000000000001,606.7749387127436,9.229766606822263,4.236737214638821,2.061452680853266,8.974691494688164,5.753218857624056,7.48866547982734,4.156916363982706,7.48866547982734,4.156916363982706
xylometazoline,Oddech,decongestant,Cc1cc(C(C)(C)C)cc(C)c1CC1=NCCN1,2.318163404131194,455.35570706987687,-1.31,11747.93323049276,13.129450737706515,4.753017218495077,2.7414745192984147,13.336498814253964,8.376028663351635,12.223234477438853,6.7551952739258905,12.223234477438853,6.7551952739258905
oxymetazoline,Oddech,decongestant,Cc1cc(C(C)(C)C)c(O)c(C)c1CC1=NCCN1,2.4334871578442723,524.530962684777,-1.51,18084.806080986276,13.910966297833655,4.874595606076826,2.7488144672805563,14.206742302257043,8.803549018280204,12.593097803749187,6.9014518024862435,12.593097803749187,6.9014518024862435
naphazoline,Oddech,decongestant,c1ccc2c(CC3=NCCN3)cccc2c1,2.022447583770134,537.9315681275363,-1.8299999999999996,11435.404802749086,9.399859459385032,3.968583708250246,1.6681930369382907,10.794682450997078,7.932652990377571,9.109985823386983,5.671861940592557,9.109985823386983,5.671861940592557
dextromethorphan,Oddech,antitussive,COc1ccc2c(c1)[C@]13CCCC[C@@H]1[C@H](C2)N(C)CC3,1.8780647132723418,526.1495492966154,-1.02,65310.911830214165,12.700482099286223,4.489710209343101,1.604791759224291,13.742276208189782,9.743148714927115,12.691960700217786,8.12121177930803,12.691960700217786,8.12121177930803
butamirate,Oddech,antitussive,CCC(C(=O)OCCOCCN(CC)CC)c1ccccc1,2.221534538228894,404.05311237874434,-1.3900000000000001,83110.32557907984,18.65852013585638,11.213652988241929,6.5824606305476765,16.208896013370172,10.723075312662978,14.085807550335138,8.240559498034907,14.085807550335138,8.240559498034907
noscapine,Oddech,antitussive,COc1ccc2c(c1OC)C(=O)O[C@@H]2[C@H]1c2c(cc3c(c2OC)OCO3)CCN1C,1.6852290238580117,1034.8766093427325,-3.1300000000000003,12269811.448313754,18.87066760626845,6.982663994195339,2.52792949442361,20.990834873703704,14.583248657969117,17.31302331825477,9.740577533693028,17.31302331825477,9.740577533693028
ambroxol,Oddech,mucolytic,Nc1c(Br)cc(Br)cc1CNC1CCC(O)CC1,1.9383068439879392,417.697425480486,-0.10000000000000012,11648.160608128846,14.312082528484643,6.3691492374890055,3.6970276808998643,13.120955864630137,8.558550648063802,10.125427793399279,6.208314113367266,13.297420871628688,7.794310652481971
bromhexine,Oddech,mucolytic,CN(Cc1cc(Br)cc(Br)c1N)C1CCCCC1,2.0797732804513314,414.5001729075138,-0.06000000000000011,12256.524544906784,14.35123583728531,6.39661329834759,3.4875439429518957,13.120955864630139,8.575387400469406,10.755184305396202,6.5130303687682485,13.927177383625612,8.099026907882953
guaifenesin,Oddech,mucolytic,COc1ccccc1OCC(O)CO,2.569521757324299,274.57943773881374,-1.2600000000000002,1632.1379436211612,10.818492935635792,5.46596949475999,2.901235761171523,10.38890505706126,6.774386907679234,8.011888680248868,4.323445221403891,8.011888680248868,4.323445221403891
acetylcysteine,Oddech,mucolytic,CC(=O)N[C@@H](CS)C(=O)O,3.833483296499401,147.8284895747849,-0.71,112.49251649732604,9.29,4.160819131484329,3.341930325442243,8.146264369941973,4.574586062669973,5.495380822303816,2.683681413884169,6.389808013303732,3.316136945917845
carbocisteine,Oddech,mucolytic,N[C@@H](CSCC(=O)O)C(=O)O,3.387645329037021,160.56140738249667,-0.75,182.37718513128686,10.25,4.974444444444444,5.6824324324324325,8.85337115112852,5.036581260209189,5.688086163143852,2.81662230413873,6.504582744071579,3.9713228425179814
erdosteine,Oddech,mucolytic,O=C(O)CSCC(=O)NC1CCSC1=O,2.17785095470023,281.81523456935355,-0.6900000000000001,2389.074985094784,12.379881201956675,6.01613360950032,4.566029549761973,11.259148545064338,7.092224152875016,7.89423244175509,4.348834123302181,9.527225603610542,6.48913322133492
salbutamol,Oddech,bronchodilator,CC(C)(C)NCC(O)c1ccc(O)c(CO)c1,2.720205866139174,371.41759115181975,-1.1,4163.247058743065,13.962893081761008,5.489653133998208,4.340801106423208,13.052041763877792,7.83151711960892,10.565255425631475,5.690097531471788,10.565255425631475,5.690097531471788
montelukast,Oddech,leukotriene_antagonist,CC(C)(O)c1ccccc1CC[C@@H](SCC1(CC(=O)O)CC1)c1cccc(/C=C/c2ccc3ccc(Cl)cc3n2)c1,1.3712638757589357,1571.490110063069,-3.1199999999999988,1930319205.043983,29.37503881102965,12.399242991314175,7.792722665896743,29.036958659186844,19.599905313814045,23.516346834590124,14.088273287339156,25.088772361536304,15.51499255032904
azelastine,Oddech,nasal_antihistamine,CN1CCCC(n2nc(Cc3ccc(Cl)cc3)c3ccccc3c2=O)CC1,1.7878180711241392,996.605677838824,-2.1699999999999995,2003166.7550515858,18.205323124111292,7.829161513005722,3.919067594989891,18.80275414050485,13.114193540729628,15.566646659798886,9.550508830867116,16.32257560581734,9.928473303876343
omeprazole,Gastro,ppi,COc1ccc2nc([S+]([O-])Cc3ncc(C)c(OC)c3C)[nH]c2c1,1.8844828594834784,878.8884252759138,-2.25,353332.36450656696,16.60229916897507,6.7025904456291086,3.0452495819741783,17.26722023457211,11.528407103102724,14.04392821080042,7.443492497782771,14.860424791728146,8.762424390769594
esomeprazole,Gastro,ppi,COc1ccc2nc([S@@+]([O-])Cc3ncc(C)c(OC)c3C)[nH]c2c1,1.8844828594834784,878.8884252759138,-2.25,353332.36450656696,16.60229916897507,6.7025904456291086,3.0452495819741783,17.26722023457211,11.528407103102724,14.04392821080042,7.443492497782771,14.860424791728146,8.762424390769594
pantoprazole,Gastro,ppi,COc1ccnc(C[S+]([O-])c2nc3ccc(OC(F)F)cc3[nH]2)c1OC,1.8490193409572646,906.3322826194594,-2.59,891957.976322853,18.208568180772755,7.748788965519116,3.8056821341293077,18.681433796945207,12.511570350697117,13.86280598566199,7.403088017215537,14.679302566589715,8.72201991020236
lansoprazole,Gastro,ppi,Cc1c(OCC(F)(F)F)ccnc1C[S+]([O-])c1nc2ccccc2[nH]1,1.7731962752944586,849.4325983042299,-2.259999999999999,462333.6281039528,17.559419292901637,6.927854211900839,4.232158038627393,18.026733258565955,11.832318457408352,13.131380658930038,7.304696737135415,13.947877239857764,8.623628630122235
rabeprazole,Gastro,ppi,COCCCOc1ccnc(C[S+]([O-])c2nc3ccccc3[nH]2)c1C,1.7071479712237678,804.2992838896116,-2.0899999999999994,698309.5933731179,17.724026440589572,8.330956439152644,4.306245520556934,17.6480536021256,12.185871848001627,14.319949092739316,8.081120062086978,15.136445673667042,9.400051955073797
famotidine,Gastro,h2_blocker,NC(N)=Nc1nc(CSCC/C(N)=N/S(N)(=O)=O)cs1,2.366985109789652,603.3416169759435,-1.37,18919.81944817579,16.683676865271067,7.422318703285096,7.275833665396974,15.173362107437432,9.25983881233692,10.390953928326963,5.248627762696673,12.840443671110142,8.786200671458626
cimetidine,Gastro,h2_blocker,CN=C(NC#N)NCCSCc1nc[nH]c1C,2.130941030222901,405.1737761568005,-1.6800000000000002,8399.709922186494,13.38527415143603,7.570081043458362,4.7817848631942805,12.510225400620904,8.274386907679233,9.948559689713006,5.1993650634680435,10.765056270640732,6.354065601847294
ranitidine,Gastro,h2_blocker,CN/C(=C\[N+](=O)[O-])NCCSCc1ccc(CN(C)C)o1,2.218277243493725,473.7363586621033,-1.6699999999999997,43242.95036106833,17.381733057423695,9.299837768091132,7.618411990544398,15.664925939000156,10.007239053047545,12.587898285170438,6.57961968698511,13.404394866098164,7.73432022536436
nizatidine,Gastro,h2_blocker,CNC(=C[N+](=O)[O-])NCCSCc1csc(CN(C)C)n1,2.218277243493725,475.9677720170103,-1.32,43242.95036106833,17.73081300813008,9.586301469178254,7.88095641540746,15.664925939000156,10.007239053047545,12.45776161148077,6.436402929720506,14.090754773336222,8.470756279354651
lafutidine,Gastro,h2_blocker,O=C(C[S+]([O-])Cc1ccco1)NC/C=C\COc1cc(CN2CCCCC2)ccn1,1.298198022893627,791.4401502707474,-2.29,8461156.95090803,22.396440369776688,12.415521790779906,8.216482875921306,21.0204508012418,14.686673185801062,17.125538608701717,10.27999976710348,17.942035189629443,11.768033638816064
loperamide,Gastro,antidiarrheal,CN(C)C(=O)C(CCN1CCC(O)(c2ccc(Cl)cc2)CC1)(c1ccccc1)c1ccccc1,1.5732022497682343,1036.633055426071,-2.659999999999999,48514276.687310986,24.464118030357966,10.306456463154243,4.90108378232474,24.18358750805832,16.348826315353406,19.953398005747015,11.886825048158594,20.709326951765473,12.264789521167822
diphenoxylate,Gastro,antidiarrheal,CCOC(=O)C1(c2ccccc2)CCN(CCC(C#N)(c2ccccc2)c2ccccc2)CC1,1.535542129512101,1059.306981097704,-3.419999999999998,68389977.36008254,23.728617561787864,10.67268626755655,4.6222750694609775,23.85731409442526,16.642960836953698,19.82092527807787,12.119031281394419,19.82092527807787,12.119031281394419
racecadotril,Gastro,antidiarrheal,CC(=O)SCC(Cc1ccccc1)C(=O)NCC(=O)OCc1ccccc1,1.8380371842163656,749.2916285849511,-2.599999999999999,1075847.0237101803,20.70876061752124,11.184636488340194,8.087990580847727,19.484916895309063,13.041713895658194,15.220521538151393,8.688723478290838,16.037018119079118,9.674322037944329
metoclopramide,Gastro,antiemetic_prokinetic,CCN(CC)CCNC(=O)c1cc(Cl)c(N)cc1OC,2.6993698551050787,461.97739235477394,-1.46,23853.65052995242,16.593937432578212,7.968039579443504,4.28252067886105,15.120955864630139,9.527605765303289,12.20215258175198,6.665304741423288,12.958081527770435,7.043269214432516
domperidone,Gastro,antiemetic_prokinetic,O=c1[nH]c2ccccc2n1CCCN1CCC(n2c(=O)[nH]c3cc(Cl)ccc32)CC1,1.2075801662372818,1306.5523076910547,-2.7699999999999996,12343200.702512827,19.20880085457703,7.812409595225632,3.4812027806465258,20.664561460070644,14.597356788324024,16.60465146225967,10.396648393612843,17.360580408278125,10.77461286662207
ondansetron,Gastro,antiemetic_prokinetic,Cc1nccn1CC1CCc2c(c3ccccc3n2C)C1=O,1.767961252709778,871.7199680624578,-2.36,209851.39677626584,13.313138633270487,4.833784702035854,1.8316089521630117,15.267220234572113,10.664703797946453,12.912661304850763,7.747799185881738,12.912661304850763,7.747799185881738
granisetron,Gastro,antiemetic_prokinetic,CN1[C@@H]2CCC[C@H]1CC(NC(=O)c1nn(C)c3ccccc13)C2,1.5354917180568544,723.6968546501203,-1.8799999999999994,287645.25965291046,14.695868584110958,5.637781873881697,2.5279161982851734,15.97432701575866,11.131030293135236,13.826874867223859,8.577677857793745,13.826874867223859,8.577677857793745
itopride,Gastro,antiemetic_prokinetic,COc1ccc(C(=O)NCc2ccc(OCCN(C)C)cc2)cc1OC,1.8865739207238312,714.2511625536773,-2.73,622601.6668505138,19.592834259342734,9.675140178704066,5.666999636023587,18.94094682093905,12.528407103102722,15.742978985242436,8.39883111141207,15.742978985242436,8.39883111141207
mosapride,Gastro,antiemetic_prokinetic,CCOc1cc(N)c(Cl)cc1C(=O)NCC1CN(Cc2ccc(F)cc2)CCO1,1.569875422180412,847.8101173590801,-2.3499999999999996,3164084.718191679,21.36105506976234,9.913678561944122,5.819841458183112,20.80275414050485,13.956728795830726,16.289330253546296,9.543401612429554,17.04525919956475,9.92136608543878
prucalopride,Gastro,antiemetic_prokinetic,COCCCN1CCC(NC(=O)c2cc(Cl)c(N)c3c2OCC3)CC1,1.5747034287887254,630.4825720834971,-1.4999999999999996,647045.8843077626,18.29584775086505,8.252826820075382,4.190858725761773,17.81119030894213,12.096555450524587,14.645934778148582,8.85626289457273,15.401863724167038,9.234227367581957
hyoscine,Gastro,antispasmodic,CN1[C@@H]2CC(OC(=O)[C@H](CO)c3ccccc3)C[C@H]1[C@@H]1O[C@@H]12,1.4200028178766764,545.0371822548029,-1.4299999999999997,257123.46171832303,14.180670892667724,5.333924974919479,2.2416588494484997,15.267220234572113,10.685871848001627,12.591345367037036,7.9244695366934295,12.591345367037036,7.9244695366934295
drotaverine,Gastro,antispasmodic,CCOc1ccc(/C=C2\NCCc3cc(OCC)c(OCC)cc32)cc1OCC,1.9945979634488917,860.1994311933694,-2.8200000000000003,3770886.1871218677,20.902542551910788,10.099420867929778,4.969062273896077,20.639617433688315,14.193733105501334,17.839735464112493,10.476815704521181,17.839735464112493,10.476815704521181
mebeverine,Gastro,antispasmodic,CCN(CCCCOC(=O)c1ccc(OC)c(OC)c1)C(C)Cc1ccc(OC)cc1,1.736449942492463,806.0596919657754,-2.7299999999999995,7302399.404342696,24.538648490095337,12.849563030791694,7.473792294817722,22.63961743368831,15.015100310547252,19.34989788845557,10.780354962118713,19.34989788845557,10.780354962118713
trimebutine,Gastro,antispasmodic,CCC(COC(=O)c1cc(OC)c(OC)c(OC)c1)(c1ccccc1)N(C)C,2.3081762935130046,765.7641635320127,-2.7299999999999995,1529421.8321109444,21.56873372893044,9.461146283917621,4.224076911288529,20.733840039752497,13.427417887329874,17.44412049451975,9.13167242417126,17.44412049451975,9.13167242417126
alverine,Gastro,antispasmodic,CCN(CCCc1ccccc1)CCCc1ccccc1,1.6366538322102004,432.2063054755322,-1.5999999999999996,81462.53296797577,15.782545174932716,9.357000806234883,6.135766712953778,14.752866087740191,10.381341395361316,13.170463755702054,8.184264065469527,13.170463755702054,8.184264065469527
otilonium,Gastro,antispasmodic,CCCCCCCCOc1ccccc1C(=O)Nc1ccc(C(=O)OCC[N+](C)(CC)CC)cc1,1.8569681522267256,907.1527160716196,-2.86,47065666.14308984,28.377757994557935,15.200043214091586,9.726478909795397,25.520450801241797,16.919163958357345,21.977183503924437,13.059781561463009,21.977183503924437,13.059781561463009
pinaverium,Gastro,antispasmodic,COc1cc(Br)c(C[N+]2(CCOCCC3CCC4CC3C4(C)C)CCOCC2)cc1OC,1.3154124571987058,775.3355374289928,-0.8200000000000001,14865871.112391174,24.309188706332527,10.205363930980395,4.984863508592555,22.76937394568524,15.382107148691802,20.330203950551343,12.293517694157607,21.916200489666046,13.086515963714959
dicyclomine,Gastro,antispasmodic,CCN(CC)CCOC(=O)C1(C2CCCCC2)CCCCC1,1.9368165406411606,326.32688473225033,-0.5700000000000001,114495.27089577133,17.778714552372673,8.9049901544223,4.244923977869011,15.838652525367095,10.725510624722073,14.74055538222898,9.62209878219137,14.74055538222898,9.62209878219137
bisacodyl,Gastro,laxative,CC(=O)Oc1ccc(C(c2ccc(OC(C)=O)cc2)c2ccccn2)cc1,1.9671554961425297,859.2913062763904,-3.4699999999999993,1286184.8119997352,18.3249450497859,8.2729202232068,4.788877194748414,19.22540387131522,13.024877143252587,15.085760256820551,8.503985507359818,15.085760256820551,8.503985507359818
picosulfate,Gastro,laxative,O=S(=O)(O)Oc1ccc(C(c2ccc(OS(=O)(=O)O)cc2)c2ccccn2)cc1,1.9795633231153285,1099.3732259834537,-2.9899999999999998,2062182.1287809305,20.736789445448476,8.169446796341495,5.991925799708329,21.07070333293597,13.606086266752904,14.613180609675918,8.052637298102205,16.24617377153137,10.782934041442426
