compound_name,group,subgroup,canonical_smiles,maccs_1,maccs_2,maccs_3,maccs_4,maccs_5,maccs_6,maccs_7,maccs_8,maccs_9,maccs_10,maccs_11,maccs_12,maccs_13,maccs_14,maccs_15,maccs_16,maccs_17,maccs_18,maccs_19,maccs_20,maccs_21,maccs_22,maccs_23,maccs_24,maccs_25,maccs_26,maccs_27,maccs_28,maccs_29,maccs_30,maccs_31,maccs_32,maccs_33,maccs_34,maccs_35,maccs_36,maccs_37,maccs_38,maccs_39,maccs_40,maccs_41,maccs_42,maccs_43,maccs_44,maccs_45,maccs_46,maccs_47,maccs_48,maccs_49,maccs_50,maccs_51,maccs_52,maccs_53,maccs_54,maccs_55,maccs_56,maccs_57,maccs_58,maccs_59,maccs_60,maccs_61,maccs_62,maccs_63,maccs_64,maccs_65,maccs_66,maccs_67,maccs_68,maccs_69,maccs_70,maccs_71,maccs_72,maccs_73,maccs_74,maccs_75,maccs_76,maccs_77,maccs_78,maccs_79,maccs_80,maccs_81,maccs_82,maccs_83,maccs_84,maccs_85,maccs_86,maccs_87,maccs_88,maccs_89,maccs_90,maccs_91,maccs_92,maccs_93,maccs_94,maccs_95,maccs_96,maccs_97,maccs_98,maccs_99,maccs_100,maccs_101,maccs_102,maccs_103,maccs_104,maccs_105,maccs_106,maccs_107,maccs_108,maccs_109,maccs_110,maccs_111,maccs_112,maccs_113,maccs_114,maccs_115,maccs_116,maccs_117,maccs_118,maccs_119,maccs_120,maccs_121,maccs_122,maccs_123,maccs_124,maccs_125,maccs_126,maccs_127,maccs_128,maccs_129,maccs_130,maccs_131,maccs_132,maccs_133,maccs_134,maccs_135,maccs_136,maccs_137,maccs_138,maccs_139,maccs_140,maccs_141,maccs_142,maccs_143,maccs_144,maccs_145,maccs_146,maccs_147,maccs_148,maccs_149,maccs_150,maccs_151,maccs_152,maccs_153,maccs_154,maccs_155,maccs_156,maccs_157,maccs_158,maccs_159,maccs_160,maccs_161,maccs_162,maccs_163,maccs_164,maccs_165,maccs_166
acetaminophen,Bol,anilide,CC(=O)Nc1ccc(O)cc1,0,0,0,0,0,0,0,0,0,0,0,0,0,0,0,0,0,0,0,0,0,0,0,0,0,0,0,0,0,0,0,0,0,0,0,0,0,0,0,0,0,0,0,0,0,0,0,0,0,0,0,0,0,0,0,0,0,0,0,0,0,0,0,0,0,0,0,0,0,0,0,0,0,0,0,0,0,0,0,0,0,0,0,0,0,0,0,0,0,0,0,1,0,0,0,0,0,0,0,0,0,0,0,0,0,0,0,0,0,1,0,0,1,0,0,0,1,0,0,0,0,0,0,0,0,0,1,0,0,0,1,0,1,0,1,0,0,0,1,0,0,0,1,0,0,0,0,0,0,0,1,1,0,1,0,1,1,1,1,1,1,1,1,1,1,0
ibuprofen,Bol,nsaid_propionic,CC(C)Cc1ccc(C(C)C(=O)O)cc1,0,0,0,0,0,0,0,0,0,0,0,0,0,0,0,0,0,0,0,0,0,0,0,0,0,0,0,0,0,0,0,0,0,0,0,0,0,0,0,0,0,0,0,0,0,0,0,0,0,0,0,0,0,0,0,0,0,0,0,0,0,0,0,0,0,0,0,0,0,0,0,0,0,1,0,0,0,0,0,0,0,0,0,0,0,0,0,0,0,0,0,0,0,0,0,0,0,0,0,0,0,0,0,0,0,0,0,0,0,0,0,0,0,0,1,0,0,0,0,0,0,0,1,0,0,0,0,0,0,0,0,0,0,0,0,0,0,0,1,0,1,0,0,0,0,0,0,0,1,0,0,0,0,1,1,0,1,0,1,1,0,1,1,1,1,0
naproxen,Bol,nsaid_propionic,COc1ccc2cc([C@H](C)C(=O)O)ccc2c1,0,0,0,0,0,0,0,0,0,0,0,0,0,0,0,0,0,0,0,0,0,0,0,0,0,0,0,0,0,0,0,0,0,0,0,0,0,0,0,0,0,0,0,0,0,0,0,0,0,0,0,0,0,0,0,0,0,0,0,0,0,0,0,0,0,0,0,0,0,0,0,0,0,0,0,0,0,0,0,0,0,0,0,0,0,0,0,0,0,0,0,0,1,0,0,0,0,0,0,0,1,0,0,0,1,0,0,0,0,0,0,0,1,0,0,0,0,0,0,0,0,0,1,0,1,1,1,0,0,0,0,0,0,0,0,0,0,0,1,0,0,0,1,0,1,1,0,0,1,0,0,1,0,1,0,0,1,0,1,1,0,1,1,1,1,0
ketoprofen,Bol,nsaid_propionic,CC(C(=O)O)c1cccc(C(=O)c2ccccc2)c1,0,0,0,0,0,0,0,0,0,0,0,0,0,0,0,0,0,0,0,0,0,0,0,0,0,0,0,0,0,0,0,0,0,0,0,0,0,0,0,0,0,0,0,0,0,0,0,0,0,0,0,0,0,0,0,0,0,0,0,0,0,0,0,0,0,0,0,0,0,0,0,0,0,0,0,0,0,0,0,0,0,0,0,0,0,0,0,0,0,0,0,0,0,0,0,0,0,0,0,0,0,0,0,0,0,0,0,0,0,0,0,0,0,0,0,0,0,0,0,0,0,0,1,0,1,0,0,0,0,0,0,0,0,0,0,1,0,0,1,0,0,0,0,0,1,1,0,0,0,0,0,1,0,1,0,0,1,0,1,1,0,1,1,1,1,0
dexketoprofen,Bol,nsaid_propionic,C[C@H](C(=O)O)c1cccc(C(=O)c2ccccc2)c1,0,0,0,0,0,0,0,0,0,0,0,0,0,0,0,0,0,0,0,0,0,0,0,0,0,0,0,0,0,0,0,0,0,0,0,0,0,0,0,0,0,0,0,0,0,0,0,0,0,0,0,0,0,0,0,0,0,0,0,0,0,0,0,0,0,0,0,0,0,0,0,0,0,0,0,0,0,0,0,0,0,0,0,0,0,0,0,0,0,0,0,0,0,0,0,0,0,0,0,0,0,0,0,0,0,0,0,0,0,0,0,0,0,0,0,0,0,0,0,0,0,0,1,0,1,0,0,0,0,0,0,0,0,0,0,1,0,0,1,0,0,0,0,0,1,1,0,0,0,0,0,1,0,1,0,0,1,0,1,1,0,1,1,1,1,0
flurbiprofen,Bol,nsaid_propionic,CC(C(=O)O)c1ccc(-c2ccccc2)c(F)c1,0,0,0,0,0,0,0,0,0,0,0,0,0,0,0,0,0,0,0,0,0,0,0,0,0,0,0,0,0,0,0,0,0,0,0,0,0,0,0,0,0,1,0,0,0,0,0,0,0,0,0,0,0,0,0,0,0,0,0,0,0,1,0,0,0,0,0,0,0,0,0,0,0,0,0,0,0,0,0,0,0,0,0,0,0,0,1,0,0,0,0,0,0,0,0,0,0,0,0,0,0,0,0,0,0,0,1,0,0,0,0,0,0,0,0,0,0,0,0,0,0,0,1,0,1,0,0,0,0,0,0,0,0,1,0,0,0,0,1,0,0,0,0,1,1,0,0,0,0,1,0,0,0,1,0,0,1,0,1,1,0,1,1,1,1,0
fenoprofen,Bol,nsaid_propionic,CC(C(=O)O)c1cccc(Oc2ccccc2)c1,0,0,0,0,0,0,0,0,0,0,0,0,0,0,0,0,0,0,0,0,0,0,0,0,0,0,0,0,0,0,0,0,0,0,0,0,0,0,0,0,0,0,0,0,0,0,0,0,0,0,0,0,0,0,0,0,0,0,0,0,0,0,0,0,0,0,0,0,0,0,0,0,0,0,0,0,0,0,0,0,0,0,0,0,0,0,0,0,0,0,0,0,0,0,0,0,0,0,0,0,0,0,0,0,0,0,0,0,0,0,0,0,1,0,0,0,0,0,0,0,0,0,1,0,1,1,1,0,0,0,0,0,0,0,0,0,0,0,1,0,0,0,1,0,1,1,0,0,0,0,0,1,0,1,0,0,1,0,1,1,0,1,1,1,1,0
tiaprofenic acid,Bol,nsaid_propionic,CC(C(=O)O)c1ccc(C(=O)c2ccccc2)s1,0,0,0,0,0,0,0,0,0,0,0,0,0,0,0,0,0,0,0,0,0,0,0,0,0,0,0,0,0,0,0,0,0,0,0,1,0,0,0,0,0,0,0,0,0,0,0,0,0,0,0,0,0,0,0,0,0,0,0,0,0,0,0,0,0,0,0,0,0,0,0,0,0,0,0,0,0,0,0,0,1,0,1,0,0,0,0,1,0,0,0,0,0,0,0,1,0,0,0,0,0,0,0,0,0,0,0,0,0,0,0,0,0,0,0,0,0,0,0,0,0,0,1,0,1,0,0,0,0,0,0,0,0,0,0,1,1,0,1,0,0,0,0,0,0,1,0,0,0,0,0,1,0,1,0,0,1,0,1,1,0,1,1,1,1,0
aspirin,Bol,nsaid_salicylate,CC(=O)Oc1ccccc1C(=O)O,0,0,0,0,0,0,0,0,0,0,0,0,0,0,0,0,0,0,0,0,0,0,0,0,0,0,0,0,0,0,0,0,0,0,0,0,0,0,0,0,0,0,0,0,0,0,0,0,0,0,0,0,0,0,0,0,0,0,0,0,0,0,0,0,0,0,0,0,0,0,0,0,0,0,0,0,0,0,0,0,0,0,0,0,0,0,0,0,1,0,0,0,0,0,0,0,0,0,0,0,0,0,0,0,0,0,0,0,0,0,0,0,1,0,0,0,0,0,0,0,0,0,1,0,0,1,1,0,0,0,0,0,0,0,0,1,0,0,1,1,0,0,1,1,0,1,0,0,0,1,0,1,0,1,0,0,1,0,1,1,0,1,1,1,1,0
salicylic acid,Bol,nsaid_salicylate,O=C(O)c1ccccc1O,0,0,0,0,0,0,0,0,0,0,0,0,0,0,0,0,0,0,0,0,0,0,0,0,0,0,0,0,0,0,0,0,0,0,0,0,0,0,0,0,0,0,0,0,0,0,0,0,0,0,0,0,1,0,0,0,0,0,0,0,0,0,0,0,0,0,0,0,0,0,0,0,0,0,0,0,0,0,0,0,0,0,0,0,0,0,0,0,1,0,0,0,0,0,0,0,0,0,0,0,0,0,0,0,0,0,0,0,0,0,0,0,1,0,0,0,0,0,0,0,0,0,1,0,0,0,1,0,0,0,1,0,0,0,0,0,0,0,1,0,0,0,1,1,0,1,0,0,0,1,0,1,0,1,0,0,1,0,1,0,0,1,1,1,1,0
diclofenac,Bol,nsaid_acetic,O=C(O)Cc1ccccc1Nc1c(Cl)cccc1Cl,0,0,0,0,0,0,0,0,0,0,0,0,0,0,0,0,0,0,0,0,0,0,0,0,0,0,0,0,0,0,0,0,0,0,0,0,0,0,0,0,0,0,0,0,0,0,0,0,0,0,0,0,0,0,0,0,0,0,0,0,0,0,0,0,0,0,0,0,0,0,0,0,0,0,0,0,0,0,0,0,0,0,0,0,0,0,1,0,0,1,0,0,0,0,0,0,0,0,0,0,0,0,1,1,0,0,1,0,0,0,0,0,0,0,0,0,0,0,0,0,0,0,1,0,1,0,0,0,0,0,1,1,1,1,1,0,0,0,1,0,0,0,0,1,1,0,0,0,0,1,1,0,0,1,1,1,1,1,1,0,1,1,1,1,1,0
aceclofenac,Bol,nsaid_acetic,O=C(O)COC(=O)Cc1ccccc1Nc1c(Cl)cccc1Cl,0,0,0,0,0,0,0,0,0,0,0,0,0,0,0,0,0,0,0,0,0,0,0,0,0,0,0,0,0,0,0,0,0,0,0,0,0,0,0,0,0,0,0,0,0,0,0,0,0,0,0,0,0,0,0,0,0,0,0,0,0,0,0,0,0,0,0,0,0,0,0,1,0,0,0,0,0,0,0,0,0,0,0,0,0,0,1,0,0,1,0,0,0,0,0,0,0,0,0,0,0,0,1,1,0,0,1,0,1,0,0,0,0,0,0,0,0,0,0,0,0,0,1,0,1,1,0,0,1,0,1,1,1,1,1,1,0,0,1,1,0,0,0,1,1,1,0,0,0,1,1,0,1,1,1,1,1,1,1,0,1,1,1,1,1,0
indomethacin,Bol,nsaid_acetic,COc1ccc2c(c1)c(CC(=O)O)c(C)n2C(=O)c1ccc(Cl)cc1,0,0,0,0,0,0,0,0,0,0,0,0,0,0,0,0,0,0,0,0,0,0,0,0,0,0,0,0,0,0,0,0,0,0,0,0,0,0,0,0,0,0,0,0,0,0,0,0,0,0,0,0,0,0,0,0,0,0,0,0,0,0,0,0,1,0,0,0,0,0,0,0,0,0,1,0,0,0,0,0,0,0,1,0,1,0,1,0,0,0,0,1,1,0,0,1,0,0,0,0,1,0,1,1,1,0,1,0,0,1,0,0,1,0,0,1,1,0,0,0,1,1,1,0,1,1,1,0,0,0,0,1,0,1,0,1,1,0,1,1,0,0,1,1,1,1,0,1,1,1,0,1,0,1,1,1,1,1,1,1,1,1,1,1,1,0
ketorolac,Bol,nsaid_acetic,O=C(c1ccccc1)c1ccc2n1CCC2C(=O)O,0,0,0,0,0,0,0,0,0,0,0,0,0,0,0,0,0,0,0,0,0,0,0,0,0,0,0,0,0,0,0,0,0,0,0,0,0,0,0,0,0,0,0,0,0,0,0,0,0,0,0,0,0,0,0,0,0,0,0,0,0,0,0,0,1,0,0,0,0,0,0,0,0,0,0,0,0,0,0,0,0,0,1,0,1,0,0,0,0,1,1,0,0,0,1,1,1,0,0,1,1,0,0,0,1,0,0,0,0,0,1,0,0,0,0,0,0,1,0,0,1,1,1,0,1,0,0,0,0,0,0,0,0,0,0,1,1,0,1,0,0,0,0,1,0,1,1,1,0,0,0,1,1,1,0,1,1,1,1,0,1,1,1,1,1,0
mefenamic acid,Bol,nsaid_fenamate,Cc1cccc(Nc2ccccc2C(=O)O)c1C,0,0,0,0,0,0,0,0,0,0,0,0,0,0,0,0,0,0,0,0,0,0,0,0,0,0,0,0,0,0,0,0,0,0,0,0,0,0,0,0,0,0,0,0,0,0,0,0,0,0,0,0,1,0,0,0,0,0,0,0,0,0,0,0,0,0,0,0,0,0,0,0,0,0,0,0,0,0,0,0,0,0,0,0,0,0,0,0,0,0,0,0,0,0,0,0,1,0,0,0,0,0,0,0,0,0,0,0,0,0,0,0,0,0,0,0,0,0,0,0,0,0,1,0,1,0,0,0,0,0,1,0,1,0,1,0,0,0,1,0,0,0,0,1,1,0,0,0,1,1,1,0,0,1,0,1,1,1,1,1,1,1,1,1,1,0
tolfenamic acid,Bol,nsaid_fenamate,Cc1c(Cl)cccc1Nc1ccccc1C(=O)O,0,0,0,0,0,0,0,0,0,0,0,0,0,0,0,0,0,0,0,0,0,0,0,0,0,0,0,0,0,0,0,0,0,0,0,0,0,0,0,0,0,0,0,0,0,0,0,0,0,0,0,0,1,0,0,0,0,0,0,0,0,0,0,0,0,0,0,0,0,0,0,0,0,0,0,0,0,0,0,0,0,0,0,0,0,0,1,0,0,0,0,0,0,0,0,0,1,0,0,0,0,0,1,0,0,0,1,0,0,0,0,0,0,0,0,0,0,0,0,0,0,0,1,0,1,0,0,0,0,0,1,0,1,1,1,0,0,0,1,0,0,0,0,1,1,0,0,0,0,1,1,0,0,1,0,1,1,1,1,1,1,1,1,1,1,0
meloxicam,Bol,nsaid_oxicam,Cc1cnc(NC(=O)C2=C(O)c3ccccc3S(=O)(=O)N2C)s1,0,0,0,0,0,0,0,0,0,0,0,0,0,0,0,0,0,0,0,0,0,0,0,0,0,0,0,0,0,0,0,1,1,0,0,1,0,0,0,0,0,0,0,0,1,0,1,0,0,0,1,0,1,0,1,0,0,1,1,1,1,0,0,0,1,0,1,0,0,0,0,0,1,0,1,1,1,0,1,0,1,0,1,0,0,0,0,1,1,0,0,1,1,1,1,1,1,1,1,0,1,1,0,0,1,1,0,0,0,1,0,1,0,0,0,0,1,0,0,1,1,1,0,1,1,0,1,0,0,1,1,0,1,0,1,1,1,0,1,1,0,1,1,1,1,1,0,1,1,1,1,1,0,1,0,1,1,1,1,1,1,1,1,1,1,0
piroxicam,Bol,nsaid_oxicam,CN1C(C(=O)Nc2ccccn2)=C(O)c2ccccc2S1(=O)=O,0,0,0,0,0,0,0,0,0,0,0,0,0,0,0,0,0,0,0,0,0,0,0,0,0,0,0,0,0,0,0,1,1,0,0,1,0,1,0,0,0,0,0,0,1,0,0,0,0,0,1,0,1,0,1,0,0,1,1,1,1,0,0,0,1,0,1,0,0,0,0,0,1,0,1,1,1,0,1,0,1,0,0,0,0,0,0,1,1,0,0,1,1,1,1,0,1,1,1,0,1,1,0,0,1,1,0,0,0,1,0,1,0,0,0,0,1,0,0,1,1,1,0,1,1,0,1,0,0,1,1,0,1,0,1,1,1,0,1,1,0,1,1,1,1,1,0,1,0,1,1,1,0,1,0,1,1,1,1,1,1,1,1,1,1,0
lornoxicam,Bol,nsaid_oxicam,CN1C(C(=O)Nc2ccccn2)=C(O)c2sc(Cl)cc2S1(=O)=O,0,0,0,0,0,0,0,0,0,0,0,0,0,0,0,0,0,0,0,0,0,0,0,0,0,0,0,0,0,0,0,1,1,0,0,1,0,1,0,0,0,0,0,0,1,0,0,0,0,0,1,0,1,0,1,0,0,1,1,1,1,0,0,0,1,0,1,0,0,0,0,0,1,0,1,1,1,0,1,0,1,0,1,0,0,0,1,1,1,0,0,1,1,1,1,1,1,1,1,0,1,1,1,0,1,1,1,0,0,1,0,1,0,0,0,0,1,0,0,1,1,1,0,1,1,0,1,0,0,1,1,0,1,1,1,1,1,0,1,1,0,1,1,1,1,1,0,1,0,1,1,1,0,1,0,1,1,1,1,1,1,1,1,1,1,0
nimesulide,Bol,nsaid_sulfonanilide,CS(=O)(=O)Nc1ccc([N+](=O)[O-])cc1Oc1ccccc1,0,0,0,0,0,0,0,0,0,0,0,0,0,0,0,0,0,0,0,0,0,0,0,1,0,0,0,0,0,0,0,1,1,0,0,0,0,0,0,0,0,0,0,0,0,0,0,0,1,0,1,0,0,0,1,1,0,1,0,1,1,0,1,0,0,0,1,0,1,1,1,0,1,0,0,0,0,0,0,0,0,0,0,0,0,0,0,1,0,0,0,0,1,1,1,0,1,0,0,0,0,1,0,0,0,1,0,0,0,0,0,1,1,0,0,0,1,0,1,0,0,1,0,1,1,1,1,0,0,1,0,0,1,0,1,1,0,0,0,1,0,1,1,1,1,1,0,1,0,1,1,1,0,0,0,1,1,1,1,1,1,1,1,1,1,0
celecoxib,Bol,nsaid_coxib,Cc1ccc(-c2cc(C(F)(F)F)nn2-c2ccc(S(N)(=O)=O)cc2)cc1,0,0,0,0,0,0,0,0,0,0,0,0,0,0,0,0,0,0,0,0,0,0,0,0,0,0,0,0,0,0,0,1,1,0,0,0,0,0,0,0,0,1,0,0,0,0,0,0,0,0,1,1,0,0,1,0,0,1,1,1,1,1,0,1,1,0,1,0,1,0,0,0,1,0,1,0,0,0,0,1,1,0,1,1,0,0,0,1,0,0,0,0,0,1,0,1,0,0,0,0,0,1,0,0,0,1,1,0,0,0,0,1,0,0,0,0,1,0,0,1,1,1,0,1,1,0,0,0,0,1,0,0,1,1,1,1,1,0,0,0,0,1,0,1,1,0,0,1,0,1,1,0,0,0,0,1,0,1,1,1,1,1,1,1,1,0
etoricoxib,Bol,nsaid_coxib,Cc1ccc(-c2ncc(Cl)cc2-c2ccc(S(C)(=O)=O)cc2)cn1,0,0,0,0,0,0,0,0,0,0,0,0,0,0,0,0,0,0,0,0,0,0,0,0,0,0,0,0,0,0,0,0,0,0,0,0,0,0,0,0,0,0,0,0,0,0,0,0,0,0,1,0,0,0,1,0,0,1,1,1,1,1,0,1,1,0,1,0,0,0,0,0,1,0,0,0,0,0,0,1,1,0,0,0,0,0,1,1,0,0,0,0,1,0,0,0,0,1,0,0,0,1,1,0,0,0,1,0,0,0,0,1,0,0,0,0,0,0,0,1,1,0,0,1,1,0,0,0,0,1,0,0,0,1,0,1,1,0,0,0,0,1,0,1,1,0,0,1,1,1,0,0,0,0,0,1,0,0,1,1,1,1,1,1,1,0
metamizole,Bol,pyrazolone,Cc1c(N(C)CS(=O)(=O)O)c(=O)n(-c2ccccc2)n1C,0,0,0,0,0,0,0,0,0,0,0,0,0,0,0,0,0,0,0,0,0,0,0,0,0,0,0,1,0,0,0,0,0,0,0,0,0,0,1,1,0,0,0,0,0,0,1,1,0,0,1,1,0,0,1,0,0,1,0,1,1,1,0,0,1,0,1,0,1,0,0,0,1,0,1,0,0,0,1,1,0,0,1,0,1,1,0,1,0,0,0,1,1,1,1,1,1,0,0,1,0,1,0,1,0,1,0,1,0,1,0,1,1,0,1,0,1,0,0,1,1,1,0,1,1,0,1,0,0,1,0,1,1,0,1,1,1,0,1,1,1,1,1,1,0,1,0,1,1,1,0,0,1,1,1,1,0,1,1,1,1,1,1,1,1,0
propyphenazone,Bol,pyrazolone,Cc1c(C(C)C)c(=O)n(-c2ccccc2)n1C,0,0,0,0,0,0,0,0,0,0,0,0,0,0,0,0,0,0,0,0,0,0,0,0,0,0,0,0,0,0,0,0,0,0,0,0,0,0,0,0,0,0,0,0,0,0,0,0,0,0,0,1,0,0,0,0,0,0,0,0,0,1,0,0,1,0,0,0,0,0,0,0,0,1,1,0,0,0,0,1,0,0,1,0,0,0,0,0,0,0,0,1,1,1,1,1,1,0,0,0,0,0,0,0,0,0,0,0,0,1,0,0,1,0,0,0,1,0,0,1,1,1,0,1,1,0,1,0,0,0,0,0,1,0,1,0,1,0,0,0,1,1,1,1,0,0,0,1,1,1,0,0,0,1,0,1,0,1,0,1,1,1,1,1,1,0
phenazone,Bol,pyrazolone,Cc1cc(=O)n(-c2ccccc2)n1C,0,0,0,0,0,0,0,0,0,0,0,0,0,0,0,0,0,0,0,0,0,0,0,0,0,0,0,0,0,0,0,0,0,0,0,0,0,0,0,0,0,0,0,0,0,0,0,0,0,0,0,1,0,0,0,0,0,0,0,0,0,1,0,0,1,0,0,0,0,0,0,0,0,0,1,0,0,0,0,1,0,0,1,0,0,0,0,0,0,0,0,1,1,1,1,1,1,0,0,0,0,0,0,0,0,0,0,0,0,1,0,0,1,0,0,0,1,0,0,1,1,1,0,1,1,0,1,0,0,0,0,0,1,0,1,0,1,0,0,0,0,1,1,1,0,0,0,1,1,1,0,0,0,1,0,1,0,1,0,1,1,1,1,1,1,0
caffeine,Bol,adjuvant,Cn1c(=O)c2c(ncn2C)n(C)c1=O,0,0,0,0,0,0,0,0,0,0,0,0,0,0,0,0,0,0,0,0,0,0,0,0,0,0,0,0,0,0,0,0,0,0,0,0,1,1,0,0,0,0,0,0,0,0,0,0,0,0,0,0,0,0,0,0,0,0,0,0,0,0,0,0,1,0,0,0,0,0,0,0,0,0,1,0,1,0,1,1,0,0,1,0,1,0,0,0,1,0,0,1,1,0,1,1,1,1,0,0,1,0,0,0,1,1,0,0,0,1,0,0,1,0,0,0,1,0,0,1,1,1,0,0,1,0,1,0,0,0,0,0,0,0,0,1,1,0,0,0,1,1,1,1,0,0,0,1,1,1,0,0,0,1,0,1,0,1,1,1,1,1,1,1,1,0
codeine,Bol,opioid_like,COc1ccc2c3c1O[C@H]1[C@@H](O)C=C[C@H]4[C@@H](C2)N(C)CC[C@@]341,0,0,0,0,0,0,0,0,0,0,0,0,0,0,0,0,0,0,0,0,0,0,0,0,0,0,0,0,0,0,0,0,0,0,0,0,0,0,0,0,0,0,0,0,0,0,0,0,0,0,0,0,0,0,0,0,1,0,0,0,0,0,0,0,0,1,0,0,0,0,0,1,0,0,1,0,0,0,0,0,0,0,1,0,1,1,0,0,0,0,1,0,1,0,0,1,0,1,1,1,1,0,0,0,1,0,0,0,0,0,1,1,1,0,1,1,0,1,0,1,1,1,0,0,0,1,1,1,1,0,0,0,0,0,0,0,1,0,1,0,0,0,1,1,1,1,1,1,1,0,0,1,1,0,0,1,1,1,1,1,1,1,1,1,1,0
tramadol,Bol,opioid_like,COc1cccc([C@@]2(O)CCCC[C@@H]2CN(C)C)c1,0,0,0,0,0,0,0,0,0,0,0,0,0,0,0,0,0,0,0,0,0,0,0,0,0,0,0,0,0,0,0,0,0,0,0,0,0,0,0,0,0,0,0,0,0,0,0,0,0,0,0,0,0,0,0,0,0,0,0,0,0,1,0,0,0,1,0,0,0,0,0,0,0,1,0,0,0,0,0,0,0,0,0,0,1,1,0,0,0,1,1,0,1,0,0,0,1,0,0,1,0,0,0,1,0,0,0,1,0,0,0,1,1,0,1,0,0,1,0,0,0,1,0,0,0,1,1,1,1,0,0,1,0,0,0,0,0,0,1,0,1,0,1,0,1,0,1,1,1,1,0,1,1,0,1,0,1,1,1,1,1,1,1,1,1,0
benzydamine,Bol,local_antiinflammatory,CN(C)CCCOc1nn(Cc2ccccc2)c2ccccc12,0,0,0,0,0,0,0,0,0,0,0,0,0,0,0,0,0,0,0,0,0,0,0,0,0,0,0,0,0,0,0,0,0,0,0,0,0,0,0,0,0,0,0,0,0,0,0,0,0,0,0,1,0,0,0,0,0,0,0,0,0,0,0,0,1,0,0,0,0,0,0,0,0,1,1,0,0,0,0,1,0,0,1,0,1,1,0,0,0,0,0,1,1,1,1,1,1,0,0,1,1,0,0,0,1,0,0,1,1,1,1,0,1,0,1,1,1,1,0,1,1,1,0,1,1,1,1,0,0,0,0,1,0,0,0,0,1,1,0,0,0,1,1,0,1,0,1,1,1,0,0,0,1,0,1,1,1,1,0,1,1,1,1,1,1,0
benzocaine,Bol,local_anesthetic,CCOC(=O)c1ccc(N)cc1,0,0,0,0,0,0,0,0,0,0,0,0,0,0,0,0,0,0,0,0,0,0,0,0,0,0,0,0,0,0,0,0,0,0,0,0,0,0,0,0,0,0,0,0,0,0,0,0,0,0,0,0,0,0,0,0,0,0,0,0,0,0,0,0,0,0,0,0,0,0,0,0,0,0,0,0,0,0,0,0,0,0,0,1,0,0,0,0,0,0,0,0,0,0,0,0,0,0,0,0,0,0,0,0,0,0,0,0,1,0,0,0,0,1,0,0,0,0,0,0,0,0,1,0,0,1,0,0,0,0,0,0,1,0,1,0,0,0,0,0,0,0,0,0,0,0,0,0,0,0,1,0,1,1,1,1,1,1,1,1,1,1,1,1,1,0
cetirizine,Oddech,antihistamine,O=C(O)COCCN1CCN(C(c2ccccc2)c2ccc(Cl)cc2)CC1,0,0,0,0,0,0,0,0,0,0,0,0,0,0,0,0,0,0,0,0,0,0,0,0,0,0,0,0,0,0,0,0,0,0,0,0,0,0,0,0,0,0,0,0,0,0,0,0,0,0,0,0,0,0,0,0,0,0,0,0,0,0,0,0,0,0,0,0,0,0,0,1,0,0,1,0,0,0,1,0,0,0,0,0,1,1,1,0,0,0,1,0,0,0,1,0,0,1,0,1,0,0,1,1,0,0,1,0,1,0,1,0,0,0,0,0,0,1,0,1,1,1,1,0,1,1,0,1,1,0,0,1,0,1,0,0,1,1,1,0,0,1,0,0,1,1,1,1,0,0,0,0,1,1,1,1,1,1,1,0,1,1,1,1,1,0
levocetirizine,Oddech,antihistamine,O=C(O)COCCN1CCN([C@H](c2ccccc2)c2ccc(Cl)cc2)CC1,0,0,0,0,0,0,0,0,0,0,0,0,0,0,0,0,0,0,0,0,0,0,0,0,0,0,0,0,0,0,0,0,0,0,0,0,0,0,0,0,0,0,0,0,0,0,0,0,0,0,0,0,0,0,0,0,0,0,0,0,0,0,0,0,0,0,0,0,0,0,0,1,0,0,1,0,0,0,1,0,0,0,0,0,1,1,1,0,0,0,1,0,0,0,1,0,0,1,0,1,0,0,1,1,0,0,1,0,1,0,1,0,0,0,0,0,0,1,0,1,1,1,1,0,1,1,0,1,1,0,0,1,0,1,0,0,1,1,1,0,0,1,0,0,1,1,1,1,0,0,0,0,1,1,1,1,1,1,1,0,1,1,1,1,1,0
loratadine,Oddech,antihistamine,CCOC(=O)N1CCC(=C2c3ccc(Cl)cc3CCc3cccnc32)CC1,0,0,0,0,0,0,0,0,0,0,0,0,0,0,0,0,0,0,1,0,0,0,1,0,0,0,0,0,0,0,0,0,0,0,0,0,0,0,0,0,0,0,0,0,0,0,0,0,0,1,0,0,0,0,0,0,0,0,0,0,0,1,0,0,1,0,0,0,0,0,0,0,0,0,1,1,0,0,0,0,0,0,0,0,1,1,1,0,0,0,0,0,0,0,0,0,0,1,1,1,1,0,1,0,1,1,1,0,1,1,1,0,0,1,0,0,1,1,0,1,1,1,1,0,1,1,0,1,1,0,0,0,0,1,0,0,1,1,0,0,0,1,0,1,1,0,1,1,0,0,0,0,1,1,1,1,1,1,1,1,1,1,1,1,1,0
desloratadine,Oddech,antihistamine,Clc1ccc2c(c1)CCc1cccnc1C2=C1CCNCC1,0,0,0,0,0,0,0,0,0,0,0,0,0,0,0,0,0,0,1,0,0,0,0,0,0,0,0,0,0,0,0,0,0,0,0,0,0,0,0,0,0,0,0,0,0,0,0,0,0,1,0,0,0,0,0,0,0,0,0,0,0,1,0,0,1,0,0,0,0,0,0,0,0,0,0,1,0,0,0,0,0,1,0,0,0,1,1,0,0,0,1,0,0,0,0,0,0,1,1,1,1,0,1,1,1,0,1,0,0,0,1,0,0,0,0,0,0,1,0,1,1,0,0,0,1,0,0,1,1,0,0,0,0,1,0,0,1,1,0,0,0,1,0,1,1,0,1,0,0,0,1,0,1,0,0,1,0,1,0,0,1,1,1,0,1,0
fexofenadine,Oddech,antihistamine,CC(C)(C(=O)O)c1ccc(C(O)CCCN2CCC(C(O)(c3ccccc3)c3ccccc3)CC2)cc1,0,0,0,0,0,0,0,0,0,0,0,0,0,0,0,0,0,0,0,0,0,0,0,0,0,0,0,0,0,0,0,0,0,0,0,0,0,0,0,0,0,0,0,0,0,0,0,0,0,0,0,0,0,0,0,0,0,0,0,0,0,0,0,0,0,1,0,0,0,0,0,0,0,1,1,0,0,0,0,0,0,0,0,0,1,1,0,0,0,1,1,0,0,0,0,0,0,1,0,1,0,0,0,1,0,0,0,0,0,0,1,1,0,0,0,0,0,1,0,0,1,1,1,0,1,0,0,1,1,0,1,1,0,0,0,0,1,1,1,1,0,0,0,0,1,1,1,1,1,0,0,1,1,1,1,0,1,1,1,1,1,1,1,1,1,0
bilastine,Oddech,antihistamine,CCOCCn1c(C2CCN(CCc3ccc(C(C)(C)C(=O)O)cc3)CC2)nc2ccccc21,0,0,0,0,0,0,0,0,0,0,0,0,0,0,0,0,0,0,0,0,0,0,0,0,0,0,0,0,0,0,0,0,0,0,0,0,0,1,0,0,0,0,0,0,0,0,0,0,0,0,0,0,0,0,0,0,0,0,0,0,0,1,0,0,1,1,0,0,0,0,0,0,0,1,1,0,1,0,1,0,0,0,1,0,1,1,0,0,0,0,0,0,0,0,1,1,0,1,0,1,1,0,0,0,1,0,0,1,1,0,1,1,0,1,0,1,0,1,0,1,1,1,1,0,1,1,0,1,1,0,0,1,0,0,0,0,1,1,1,0,1,1,0,1,1,1,1,1,1,1,0,0,1,1,1,1,1,1,1,1,1,1,1,1,1,0
ebastine,Oddech,antihistamine,CC(C)(C)c1ccc(C(=O)CCCN2CCC(OC(c3ccccc3)c3ccccc3)CC2)cc1,0,0,0,0,0,0,0,0,0,0,0,0,0,0,0,0,0,0,0,0,0,0,0,0,0,0,0,0,0,0,0,0,0,0,0,0,0,0,0,0,0,0,0,0,0,0,0,0,0,0,0,0,0,0,0,0,0,0,0,0,0,0,0,0,0,1,0,0,0,0,0,0,0,1,1,0,0,0,0,0,0,0,0,0,1,1,0,0,0,0,0,0,0,0,0,0,1,1,0,1,0,0,0,0,0,0,0,0,0,0,1,1,0,0,0,0,0,1,0,0,1,1,0,0,1,1,1,1,1,0,0,1,0,0,0,0,1,1,0,0,1,0,1,0,1,0,1,1,1,0,0,1,1,1,1,0,1,1,1,1,1,1,1,1,1,0
rupatadine,Oddech,antihistamine,Cc1cncc(CN2CCC(=C3c4ccc(Cl)cc4CCc4cccnc43)CC2)c1,0,0,0,0,0,0,0,0,0,0,0,0,0,0,0,0,0,0,1,0,0,0,0,0,0,0,0,0,0,0,0,0,0,0,0,0,0,0,0,0,0,0,0,0,0,0,0,0,0,1,0,0,0,0,0,0,0,0,0,0,0,1,0,0,1,0,0,0,0,0,0,0,0,0,1,1,0,0,0,1,0,0,0,0,1,1,1,0,0,0,0,0,0,0,0,0,0,1,1,1,1,0,1,0,1,0,1,1,0,0,1,0,0,0,0,0,0,1,0,1,1,1,0,0,1,0,0,1,1,0,0,0,0,1,0,0,1,1,0,0,0,1,0,1,1,0,1,1,0,0,0,0,1,0,1,1,0,1,0,1,1,1,1,0,1,0
diphenhydramine,Oddech,antihistamine,CN(C)CCOC(c1ccccc1)c1ccccc1,0,0,0,0,0,0,0,0,0,0,0,0,0,0,0,0,0,0,0,0,0,0,0,0,0,0,0,0,0,0,0,0,0,0,0,0,0,0,0,0,0,0,0,0,0,0,0,0,0,0,0,0,0,0,0,0,0,0,0,0,0,0,0,0,0,0,0,0,0,0,0,0,0,1,0,0,0,0,0,0,0,0,0,0,1,1,0,0,0,0,0,0,1,0,1,0,0,0,0,1,0,0,0,0,0,0,0,0,1,0,1,0,0,0,1,1,0,1,0,0,0,1,0,0,1,1,0,0,0,0,0,1,0,0,0,0,0,1,0,0,0,0,0,0,1,0,1,1,1,0,0,1,1,0,1,0,1,1,0,1,1,1,1,1,1,0
chlorpheniramine,Oddech,antihistamine,CN(C)CCC(c1ccc(Cl)cc1)c1ccccn1,0,0,0,0,0,0,0,0,0,0,0,0,0,0,0,0,0,0,0,0,0,0,0,0,0,0,0,0,0,0,0,0,0,0,0,0,0,0,0,0,0,0,0,0,0,0,0,0,0,0,0,0,0,0,0,0,0,0,0,0,0,0,0,0,1,0,0,0,0,0,0,0,0,1,0,0,0,0,0,0,0,0,0,0,1,1,1,0,0,0,0,0,1,0,0,0,0,1,0,1,0,0,1,0,0,0,1,0,0,0,1,0,0,0,1,1,0,1,0,0,1,1,0,0,1,0,0,0,0,0,0,0,0,1,0,0,1,0,0,0,0,1,0,0,1,0,1,1,1,0,0,0,1,0,1,1,0,1,0,1,1,1,1,0,1,0
clemastine,Oddech,antihistamine,CN1CCC[C@@H]1CCO[C@](C)(c1ccccc1)c1ccc(Cl)cc1,0,0,0,0,0,0,0,0,0,0,0,0,0,0,0,0,0,0,0,0,0,0,0,0,0,0,0,0,0,0,0,0,0,0,0,0,0,0,0,0,0,0,0,0,0,0,0,0,0,0,0,0,0,0,0,0,0,0,0,0,0,0,0,0,0,1,0,0,0,0,0,0,0,0,1,0,0,0,0,0,0,0,1,0,1,1,1,0,0,0,0,0,1,0,0,1,1,0,0,1,0,0,1,0,0,0,1,1,1,0,1,1,0,0,1,1,0,1,0,0,1,1,0,0,1,1,0,1,1,0,0,1,0,1,0,0,1,1,0,0,0,0,0,0,1,0,1,1,1,1,0,1,1,0,1,1,1,1,0,1,1,1,1,1,1,0
hydroxyzine,Oddech,antihistamine,OCCOCCN1CCN(C(c2ccccc2)c2ccc(Cl)cc2)CC1,0,0,0,0,0,0,0,0,0,0,0,0,0,0,0,0,0,0,0,0,0,0,0,0,0,0,0,0,0,0,0,0,0,0,0,0,0,0,0,0,0,0,0,0,0,0,0,0,0,0,0,0,0,0,0,0,0,0,0,0,0,0,0,0,0,0,0,0,0,0,0,1,0,0,1,0,0,0,1,0,0,1,0,0,1,1,1,0,0,0,1,0,0,0,1,0,0,1,0,1,0,0,1,1,0,0,1,0,1,0,1,0,0,0,0,0,0,1,0,1,1,1,0,0,1,1,0,1,1,0,0,1,0,1,0,0,1,1,1,0,0,1,0,0,1,0,1,1,0,0,0,0,1,0,1,1,1,1,1,0,1,1,1,1,1,0
phenylephrine,Oddech,decongestant,CNC[C@H](O)c1cccc(O)c1,0,0,0,0,0,0,0,0,0,0,0,0,0,0,0,0,0,0,0,0,0,0,0,0,0,0,0,0,0,0,0,0,0,0,0,0,0,0,0,0,0,0,0,0,0,0,0,0,0,0,0,0,0,1,0,0,0,0,0,0,0,0,0,0,0,0,0,0,0,0,0,0,0,0,0,0,0,0,0,0,0,1,0,0,0,1,0,0,0,0,0,0,1,0,1,0,0,0,0,1,0,0,0,1,0,0,0,0,0,0,0,0,1,0,1,0,0,0,0,0,0,0,0,0,0,0,1,0,0,0,1,1,0,0,0,0,0,0,1,0,0,0,1,0,0,0,0,0,0,0,1,1,1,0,1,0,1,1,1,1,1,1,1,1,1,0
pseudoephedrine,Oddech,decongestant,CN[C@@H](C)[C@@H](O)c1ccccc1,0,0,0,0,0,0,0,0,0,0,0,0,0,0,0,0,0,0,0,0,0,0,0,0,0,0,0,0,0,0,0,0,0,0,0,0,0,0,0,0,0,0,0,0,0,0,0,0,0,0,0,0,0,1,0,0,0,0,0,0,0,0,0,0,0,0,0,0,0,0,0,0,0,0,0,0,0,0,0,0,0,0,0,0,0,0,0,0,0,0,0,0,1,0,1,0,0,0,0,0,0,0,0,0,0,0,0,0,0,0,0,0,0,0,0,0,0,0,0,0,0,0,0,0,0,0,0,0,0,0,1,0,0,0,0,0,0,0,1,0,0,0,0,0,0,0,0,0,1,0,1,1,0,0,0,1,1,1,0,1,1,1,1,1,1,0
ephedrine,Oddech,decongestant,CN[C@@H](C)[C@H](O)c1ccccc1,0,0,0,0,0,0,0,0,0,0,0,0,0,0,0,0,0,0,0,0,0,0,0,0,0,0,0,0,0,0,0,0,0,0,0,0,0,0,0,0,0,0,0,0,0,0,0,0,0,0,0,0,0,1,0,0,0,0,0,0,0,0,0,0,0,0,0,0,0,0,0,0,0,0,0,0,0,0,0,0,0,0,0,0,0,0,0,0,0,0,0,0,1,0,1,0,0,0,0,0,0,0,0,0,0,0,0,0,0,0,0,0,0,0,0,0,0,0,0,0,0,0,0,0,0,0,0,0,0,0,1,0,0,0,0,0,0,0,1,0,0,0,0,0,0,0,0,0,1,0,1,1,0,0,0,1,1,1,0,1,1,1,1,1,1,0
xylometazoline,Oddech,decongestant,Cc1cc(C(C)(C)C)cc(C)c1CC1=NCCN1,0,0,0,0,0,0,0,0,0,0,0,0,0,0,0,0,0,0,0,0,0,0,0,0,0,0,0,0,0,0,0,0,0,0,0,0,0,1,0,0,0,0,0,0,0,0,0,0,0,0,0,0,0,0,0,0,0,0,0,0,0,0,0,0,0,1,0,0,0,0,0,0,0,1,0,0,1,1,1,0,0,1,1,0,0,0,0,0,0,1,1,0,0,0,0,1,0,0,0,1,0,0,0,1,0,0,0,0,0,0,1,1,0,0,0,1,0,1,1,1,1,0,0,0,0,0,0,1,1,0,0,0,0,0,0,0,1,1,0,0,1,1,0,1,0,0,1,0,1,1,1,0,1,0,1,1,0,1,0,1,1,1,1,0,1,0
oxymetazoline,Oddech,decongestant,Cc1cc(C(C)(C)C)c(O)c(C)c1CC1=NCCN1,0,0,0,0,0,0,0,0,0,0,0,0,0,0,0,0,0,0,0,0,0,0,0,0,0,0,0,0,0,0,0,0,0,0,0,0,0,1,0,0,0,0,0,0,0,0,0,0,0,0,0,0,0,0,0,0,0,0,0,0,0,0,0,0,0,1,0,0,0,0,0,0,0,1,0,0,1,1,1,0,0,1,1,0,0,0,0,0,0,1,1,0,0,0,0,1,0,0,0,1,0,0,0,1,0,0,0,0,0,0,1,1,1,0,0,1,0,1,1,1,1,0,0,0,0,0,1,1,1,0,1,0,0,0,0,0,1,1,1,0,1,1,1,1,0,0,1,0,1,1,1,1,1,0,1,1,1,1,0,1,1,1,1,1,1,0
naphazoline,Oddech,decongestant,c1ccc2c(CC3=NCCN3)cccc2c1,0,0,0,0,0,0,0,0,0,0,0,0,0,0,0,0,0,0,0,0,0,0,0,0,0,0,0,0,0,0,0,0,0,0,0,0,0,1,0,0,0,0,0,0,0,0,0,0,0,0,0,0,0,0,0,0,0,0,0,0,0,0,0,0,0,0,0,0,0,0,0,0,0,0,0,0,1,1,1,0,0,1,1,0,0,0,0,0,0,1,1,0,0,0,0,1,0,0,0,1,1,0,0,1,1,0,0,0,0,0,1,0,0,0,0,0,0,1,1,1,1,0,0,0,1,0,0,1,1,0,0,0,0,0,0,0,1,1,0,0,0,1,0,0,1,0,1,0,0,0,1,0,1,0,1,1,0,1,0,0,1,1,1,0,1,0
dextromethorphan,Oddech,antitussive,COc1ccc2c(c1)[C@]13CCCC[C@@H]1[C@H](C2)N(C)CC3,0,0,0,0,0,0,0,0,0,0,0,0,0,0,0,0,0,0,0,0,0,0,0,0,0,0,0,0,0,0,0,0,0,0,0,0,0,0,0,0,0,0,0,0,0,0,0,0,0,0,0,0,0,0,0,0,0,0,0,0,0,0,0,0,0,1,0,0,0,0,0,0,0,0,1,0,0,0,0,0,0,0,0,0,1,1,0,0,0,0,0,0,1,0,0,0,0,1,0,1,1,0,0,0,1,0,0,1,0,0,1,1,1,0,1,1,0,1,0,0,1,1,0,0,0,1,1,1,1,0,0,0,0,0,0,0,1,0,0,0,0,0,1,1,1,0,1,1,1,0,0,1,1,0,0,1,1,1,0,1,1,1,1,1,1,0
butamirate,Oddech,antitussive,CCC(C(=O)OCCOCCN(CC)CC)c1ccccc1,0,0,0,0,0,0,0,0,0,0,0,0,0,0,0,0,0,0,0,0,0,0,0,0,0,0,0,0,0,0,0,0,0,0,0,0,0,0,0,0,0,0,0,0,0,0,0,0,0,0,0,0,0,0,0,0,0,0,0,0,0,0,0,0,0,0,0,0,0,0,0,1,0,0,0,0,0,0,0,0,0,0,0,0,1,1,0,0,0,0,0,0,0,0,1,0,0,0,0,1,0,0,0,0,0,0,0,1,1,0,1,0,0,1,0,1,0,1,0,0,0,1,1,0,0,1,0,1,1,0,0,1,0,0,0,0,0,1,0,0,1,0,0,0,0,1,1,1,1,0,0,0,1,1,1,0,1,1,1,1,1,1,1,1,1,0
noscapine,Oddech,antitussive,COc1ccc2c(c1OC)C(=O)O[C@@H]2[C@H]1c2c(cc3c(c2OC)OCO3)CCN1C,0,0,0,0,0,0,0,0,0,0,0,0,0,0,0,0,0,0,0,0,0,0,0,0,0,0,0,1,0,0,0,0,0,0,0,0,0,0,0,0,0,0,0,0,0,0,0,0,0,0,0,0,0,0,0,0,1,0,0,0,0,1,0,0,0,0,0,0,0,0,0,1,0,0,1,0,0,0,0,0,0,0,1,0,1,1,0,0,1,0,0,0,1,0,1,1,1,1,0,1,1,0,0,0,1,0,0,0,1,0,1,0,1,0,1,1,0,1,0,1,1,1,1,0,1,1,1,0,0,0,0,0,0,0,0,0,1,1,0,1,1,0,1,1,1,1,1,1,1,1,0,1,1,1,0,1,1,1,1,1,1,1,1,1,1,0
ambroxol,Oddech,mucolytic,Nc1c(Br)cc(Br)cc1CNC1CCC(O)CC1,0,0,0,0,0,0,0,0,0,0,0,0,0,0,0,0,0,0,0,0,0,0,0,0,0,0,0,0,0,0,0,0,0,0,0,0,0,0,0,0,0,0,0,0,0,1,0,0,0,0,0,0,1,0,0,0,0,0,0,0,0,0,0,0,0,0,0,0,0,0,0,0,0,0,0,0,0,0,0,1,0,1,0,1,0,0,1,0,0,1,0,0,0,0,0,0,0,0,0,1,0,0,0,1,0,0,1,0,0,0,1,0,0,0,0,0,0,1,0,0,0,0,0,0,0,0,1,1,1,0,1,1,1,1,1,0,0,0,1,0,0,1,1,1,1,0,1,0,0,1,1,1,1,0,1,1,1,1,0,0,1,1,1,1,1,0
bromhexine,Oddech,mucolytic,CN(Cc1cc(Br)cc(Br)c1N)C1CCCCC1,0,0,0,0,0,0,0,0,0,0,0,0,0,0,0,0,0,0,0,0,0,0,0,0,0,0,0,0,0,0,0,0,0,0,0,0,0,0,0,0,0,0,0,0,0,1,0,0,0,0,0,0,0,0,0,0,0,0,0,0,0,0,0,0,0,0,0,0,0,0,0,0,0,0,0,0,0,0,0,1,0,0,0,1,1,1,1,0,0,1,0,0,1,0,0,0,0,0,0,1,0,0,0,0,0,0,1,1,0,0,1,0,0,0,1,1,0,1,0,0,0,1,0,0,0,0,0,1,1,0,0,0,1,1,1,0,0,0,0,0,0,1,0,1,1,0,1,1,0,1,1,0,1,0,1,1,0,1,0,1,1,1,1,0,1,0
guaifenesin,Oddech,mucolytic,COc1ccccc1OCC(O)CO,0,0,0,0,0,0,0,0,0,0,0,0,0,0,0,0,0,0,0,0,0,0,0,0,0,0,0,0,0,0,0,0,0,0,0,0,0,0,0,0,0,0,0,0,0,0,0,0,0,0,0,0,0,1,0,0,0,0,0,0,0,0,0,0,0,0,0,0,0,0,0,1,0,0,0,0,0,0,0,0,0,1,0,0,0,0,0,0,1,1,0,0,1,0,0,0,0,0,0,0,0,0,0,1,0,0,0,0,1,0,0,0,1,0,0,0,0,0,0,0,0,0,0,0,0,1,1,0,0,0,1,1,0,0,0,0,0,1,1,1,0,0,1,1,0,1,0,0,0,1,0,1,1,0,1,0,1,0,1,1,0,1,1,1,1,0
acetylcysteine,Oddech,mucolytic,CC(=O)N[C@@H](CS)C(=O)O,0,0,0,0,0,0,0,0,0,0,0,0,0,0,0,0,0,0,0,0,0,0,0,0,0,0,0,0,0,0,0,0,0,0,0,0,0,0,0,0,0,0,0,0,0,0,0,0,0,0,0,0,1,1,0,0,0,0,0,0,0,0,0,0,0,0,0,0,0,0,0,0,0,0,0,0,0,0,0,0,0,1,0,0,0,0,0,1,0,1,0,1,0,0,1,0,0,0,0,0,0,0,0,1,0,0,0,1,0,1,1,0,0,0,0,0,1,0,0,0,0,0,1,0,0,0,0,0,0,0,1,0,0,0,0,1,0,0,1,0,0,0,0,0,0,1,0,0,0,0,1,0,1,1,1,1,1,1,1,1,1,0,0,1,0,0
carbocisteine,Oddech,mucolytic,N[C@@H](CSCC(=O)O)C(=O)O,0,0,0,0,0,0,0,0,0,0,0,0,0,0,0,0,0,0,0,0,0,0,0,0,0,0,0,0,0,0,0,0,0,0,0,0,0,0,0,0,0,0,0,0,0,0,0,0,0,0,0,0,0,1,0,0,0,0,0,0,0,0,0,0,0,0,0,0,0,0,0,0,0,0,0,0,0,0,0,0,0,0,0,1,0,1,0,1,0,1,1,0,0,0,1,0,0,0,0,0,0,0,0,1,0,0,0,0,0,0,1,0,0,0,0,0,0,0,0,0,0,0,1,0,0,0,0,0,0,0,1,1,0,0,0,1,0,1,1,1,0,0,0,0,0,1,0,0,0,0,1,0,1,1,1,1,1,1,1,0,1,0,0,1,0,0
erdosteine,Oddech,mucolytic,O=C(O)CSCC(=O)NC1CCSC1=O,0,0,0,0,0,0,0,0,0,0,0,0,0,0,0,0,0,0,0,0,0,0,0,0,0,0,0,0,0,0,0,0,0,0,0,1,0,0,0,0,0,0,0,0,0,0,0,0,0,0,0,0,0,0,0,0,0,0,0,0,0,0,0,0,0,0,0,0,0,0,0,0,0,0,0,0,0,0,0,0,1,0,1,0,0,1,0,1,0,1,1,1,0,0,1,1,0,0,0,0,0,0,0,1,0,0,0,0,0,1,1,0,0,0,0,0,1,1,0,0,0,0,1,0,0,0,1,1,0,0,1,1,1,0,0,1,1,1,1,1,0,0,1,0,0,1,1,0,0,1,1,0,1,1,1,1,1,1,1,0,1,0,0,1,1,0
salbutamol,Oddech,bronchodilator,CC(C)(C)NCC(O)c1ccc(O)c(CO)c1,0,0,0,0,0,0,0,0,0,0,0,0,0,0,0,0,0,0,0,0,0,0,0,0,0,0,0,0,0,0,0,0,0,0,0,0,0,0,0,0,0,0,0,0,0,0,0,0,0,0,0,0,1,1,0,0,0,0,0,0,0,0,0,0,0,1,0,0,0,0,0,0,0,1,0,0,0,0,0,0,0,1,0,0,0,0,0,0,1,1,0,0,0,0,1,0,0,0,0,1,0,0,0,1,0,0,0,0,1,0,0,1,1,0,0,1,0,0,0,0,0,0,0,0,0,0,1,0,0,0,1,1,0,0,0,0,0,1,1,0,1,0,1,1,0,1,0,0,1,1,1,1,1,0,1,1,1,1,1,1,1,1,1,1,1,0
montelukast,Oddech,leukotriene_antagonist,CC(C)(O)c1ccccc1CC[C@@H](SCC1(CC(=O)O)CC1)c1cccc(/C=C/c2ccc3ccc(Cl)cc3n2)c1,0,0,0,0,0,0,0,0,0,0,0,0,0,0,0,0,0,0,0,0,0,1,0,0,0,0,0,0,0,0,0,0,0,0,0,0,0,0,0,0,0,0,0,0,0,0,0,0,0,0,0,0,0,0,0,0,0,0,0,0,0,0,0,0,1,1,0,0,0,0,0,0,0,1,0,0,0,0,0,0,1,0,0,0,0,0,1,1,0,0,1,0,0,0,0,0,0,1,1,0,1,0,1,1,1,0,1,1,0,0,0,1,0,0,0,0,0,1,0,0,1,0,1,0,1,0,0,1,1,0,1,1,0,1,0,0,1,0,1,0,0,0,0,1,1,1,1,0,1,1,0,1,1,1,1,1,1,0,1,1,1,1,1,1,1,0
azelastine,Oddech,nasal_antihistamine,CN1CCCC(n2nc(Cc3ccc(Cl)cc3)c3ccccc3c2=O)CC1,0,0,0,0,0,0,0,0,0,0,0,0,0,0,0,0,0,0,1,0,0,0,0,0,0,0,0,0,0,0,0,0,0,0,0,0,0,0,0,0,0,0,0,0,0,0,0,0,0,0,0,1,0,0,0,0,0,0,0,0,0,1,0,0,1,0,0,0,0,0,0,0,0,0,1,0,0,0,0,1,0,0,0,0,1,1,1,0,0,0,0,1,1,1,1,0,0,1,0,1,1,0,1,0,1,0,1,1,0,1,1,0,1,0,1,1,1,1,0,1,1,1,0,1,1,0,1,1,1,0,0,0,1,1,0,0,1,1,0,0,0,1,1,1,1,0,1,1,0,1,0,0,1,1,1,1,0,1,0,1,1,1,1,1,1,0
omeprazole,Gastro,ppi,COc1ccc2nc([S+]([O-])Cc3ncc(C)c(OC)c3C)[nH]c2c1,0,0,0,0,0,0,0,0,0,0,0,0,0,0,0,0,0,0,0,0,0,0,0,0,0,0,0,0,0,0,0,0,0,0,0,0,0,0,0,1,0,0,0,0,0,0,1,0,1,0,1,0,0,0,0,0,0,0,1,0,1,0,0,1,1,0,1,0,0,0,0,0,0,0,0,0,1,0,1,0,1,0,1,0,0,0,0,1,0,1,0,0,1,0,1,1,1,1,0,0,1,1,0,0,1,1,0,0,0,0,1,0,1,0,0,1,0,0,0,1,1,0,0,1,1,1,1,0,0,0,0,1,0,0,0,0,1,0,0,0,1,1,1,1,1,1,0,1,1,1,1,1,1,0,1,1,1,0,1,1,1,1,1,1,1,0
esomeprazole,Gastro,ppi,COc1ccc2nc([S@@+]([O-])Cc3ncc(C)c(OC)c3C)[nH]c2c1,0,0,0,0,0,0,0,0,0,0,0,0,0,0,0,0,0,0,0,0,0,0,0,0,0,0,0,0,0,0,0,0,0,0,0,0,0,0,0,1,0,0,0,0,0,0,1,0,1,0,1,0,0,0,0,0,0,0,1,0,1,0,0,1,1,0,1,0,0,0,0,0,0,0,0,0,1,0,1,0,1,0,1,0,0,0,0,1,0,1,0,0,1,0,1,1,1,1,0,0,1,1,0,0,1,1,0,0,0,0,1,0,1,0,0,1,0,0,0,1,1,0,0,1,1,1,1,0,0,0,0,1,0,0,0,0,1,0,0,0,1,1,1,1,1,1,0,1,1,1,1,1,1,0,1,1,1,0,1,1,1,1,1,1,1,0
pantoprazole,Gastro,ppi,COc1ccnc(C[S+]([O-])c2nc3ccc(OC(F)F)cc3[nH]2)c1OC,0,0,0,0,0,0,0,0,0,0,0,0,0,0,0,0,0,0,0,0,0,0,0,0,0,0,0,0,0,0,0,0,0,0,0,0,0,0,0,1,0,1,0,0,0,0,1,0,1,0,1,0,0,0,0,0,0,0,1,0,1,0,0,1,1,0,1,0,0,0,0,1,0,0,0,0,1,0,1,0,1,0,1,0,0,0,0,1,0,1,0,0,1,0,1,1,1,1,0,0,1,1,0,0,1,1,1,1,0,0,1,0,1,0,0,0,0,0,0,1,1,0,0,1,1,1,1,0,0,0,0,1,0,1,0,0,1,0,0,1,0,1,1,1,1,1,0,1,1,1,1,1,1,0,1,1,1,0,1,1,1,1,1,1,1,0
lansoprazole,Gastro,ppi,Cc1c(OCC(F)(F)F)ccnc1C[S+]([O-])c1nc2ccccc2[nH]1,0,0,0,0,0,0,0,0,0,0,0,0,0,0,0,0,0,0,0,0,0,0,0,0,0,0,0,0,0,0,0,0,0,0,0,0,0,0,0,1,0,1,0,0,0,0,1,0,1,0,1,0,0,0,0,0,0,0,1,0,1,0,0,1,1,0,1,0,0,0,0,0,0,0,0,0,1,0,1,0,1,0,1,0,0,0,0,1,0,1,0,0,0,0,1,1,1,1,0,0,1,1,0,0,1,1,1,1,1,0,1,1,1,0,0,1,0,0,0,1,1,0,0,1,1,1,1,0,0,0,0,1,0,1,0,0,1,1,0,0,0,1,1,1,1,0,0,1,0,1,1,1,1,0,1,1,1,0,1,1,1,1,1,1,1,0
rabeprazole,Gastro,ppi,COCCCOc1ccnc(C[S+]([O-])c2nc3ccccc3[nH]2)c1C,0,0,0,0,0,0,0,0,0,0,0,0,0,0,0,0,0,0,0,0,0,0,0,0,0,0,0,0,0,0,0,0,0,0,0,0,0,0,0,1,0,0,0,0,0,0,1,0,1,0,1,0,0,0,0,0,0,0,1,0,1,0,0,1,1,0,1,0,0,0,0,0,0,0,0,0,1,0,1,0,1,0,1,0,0,1,0,1,1,1,0,0,1,0,1,1,1,1,0,0,1,1,0,0,1,1,0,1,1,0,1,0,1,0,1,1,0,1,0,1,1,0,0,1,1,1,1,0,0,0,0,1,0,0,0,0,1,1,0,0,0,1,1,1,1,1,1,1,1,1,1,1,1,0,1,1,1,0,1,1,1,1,1,1,1,0
famotidine,Gastro,h2_blocker,NC(N)=Nc1nc(CSCC/C(N)=N/S(N)(=O)=O)cs1,0,0,0,0,0,0,0,0,0,0,0,0,0,0,0,0,0,0,0,0,0,0,0,0,1,0,0,0,0,0,0,0,1,0,0,1,0,1,0,0,0,0,1,0,0,0,1,0,0,0,0,0,1,0,1,0,0,1,0,1,1,0,0,0,1,0,1,0,1,0,0,0,1,0,0,0,1,1,0,1,1,0,1,1,0,1,0,1,0,1,1,0,0,1,0,1,1,0,0,0,0,1,0,1,0,1,0,0,0,0,1,1,0,0,0,0,1,1,1,1,1,0,0,1,0,0,0,0,1,1,1,0,1,0,1,1,1,1,0,0,0,1,0,0,0,0,1,1,0,0,1,0,1,0,1,1,0,1,1,0,1,1,0,1,1,0
cimetidine,Gastro,h2_blocker,CN=C(NC#N)NCCSCc1nc[nH]c1C,0,0,0,0,0,0,0,0,0,0,0,0,0,0,0,0,0,0,0,0,0,0,0,0,1,0,0,0,0,0,0,0,0,0,0,0,0,0,0,0,1,0,1,0,0,0,0,0,0,0,0,0,0,0,0,0,0,0,0,0,0,0,0,0,1,0,0,0,0,0,0,0,0,0,0,0,1,1,1,1,0,1,1,0,0,1,0,1,0,1,1,0,1,0,0,1,0,0,0,1,0,0,0,1,0,1,0,1,0,0,1,0,0,0,0,1,0,1,1,1,1,0,0,0,0,0,0,0,1,0,1,0,0,0,0,0,1,1,0,0,0,1,0,1,0,0,1,0,1,1,1,0,1,0,1,1,0,1,0,1,1,1,0,0,1,0
ranitidine,Gastro,h2_blocker,CN/C(=C\[N+](=O)[O-])NCCSCc1ccc(CN(C)C)o1,0,0,0,0,0,0,0,0,0,0,0,0,0,0,0,0,0,0,0,0,1,0,0,1,0,0,0,0,0,0,0,0,0,0,0,0,0,1,0,0,0,0,1,0,1,0,0,0,1,0,0,0,0,0,0,1,1,0,0,0,0,0,1,0,0,0,0,0,0,1,1,0,0,1,0,1,1,0,1,0,0,1,1,0,1,1,0,1,0,1,1,0,1,1,1,1,1,0,1,1,0,1,0,1,0,0,0,1,0,0,1,0,0,0,1,0,0,1,1,0,0,1,0,1,0,0,0,1,1,1,1,1,0,0,0,0,1,1,0,0,1,1,0,0,0,1,1,1,1,0,1,1,1,0,1,1,0,1,1,1,1,1,0,1,1,0
nizatidine,Gastro,h2_blocker,CNC(=C[N+](=O)[O-])NCCSCc1csc(CN(C)C)n1,0,0,0,0,0,0,0,0,0,0,0,0,0,0,0,0,0,0,0,0,1,0,0,1,0,0,0,0,0,0,0,0,0,0,0,1,0,1,0,0,0,0,1,0,1,0,1,0,1,0,0,0,0,0,0,1,0,0,0,0,0,0,1,0,1,0,0,0,0,1,1,0,0,1,0,1,1,0,1,0,1,1,1,0,1,1,0,1,0,1,1,0,1,1,0,1,1,0,1,1,0,1,0,1,0,0,0,1,0,0,1,0,0,0,1,0,0,1,1,1,1,1,0,1,0,0,0,1,1,1,1,0,0,0,0,0,1,1,0,0,1,1,0,0,0,0,1,1,1,0,1,0,1,0,1,1,0,1,1,1,1,1,0,1,1,0
lafutidine,Gastro,h2_blocker,O=C(C[S+]([O-])Cc1ccco1)NC/C=C\COc1cc(CN2CCCCC2)ccn1,0,0,0,0,0,0,0,0,0,0,0,0,0,0,0,0,0,0,0,0,0,0,0,0,0,0,0,0,0,0,0,0,0,0,0,0,0,0,0,1,0,0,0,0,0,0,0,0,1,0,1,0,0,0,0,0,1,0,0,0,1,0,0,0,1,0,1,0,0,0,0,0,0,0,1,0,0,0,0,0,0,1,1,0,1,1,0,1,1,0,1,1,0,0,0,1,1,1,1,1,0,1,0,1,0,0,0,0,1,1,1,0,1,0,0,0,1,1,0,1,1,1,0,1,1,1,1,1,1,0,0,1,0,0,0,0,1,1,0,1,0,1,1,0,1,1,1,1,0,0,1,1,1,1,1,1,1,1,1,0,1,1,1,1,1,0
loperamide,Gastro,antidiarrheal,CN(C)C(=O)C(CCN1CCC(O)(c2ccc(Cl)cc2)CC1)(c1ccccc1)c1ccccc1,0,0,0,0,0,0,0,0,0,0,0,0,0,0,0,0,0,0,0,0,0,0,0,0,0,0,0,0,0,0,0,0,0,0,0,0,0,0,0,0,0,0,0,0,0,0,0,0,0,0,0,0,0,0,0,0,0,0,0,0,0,1,0,0,0,1,0,0,0,0,0,0,0,1,1,0,0,0,0,0,0,0,0,0,1,1,1,0,0,1,0,1,1,0,0,0,1,1,0,1,0,0,1,1,0,0,1,1,0,1,1,1,0,0,0,0,1,1,0,0,1,1,0,0,1,0,1,1,1,0,0,1,0,1,0,0,1,1,1,0,0,1,1,0,1,0,1,1,1,0,0,1,1,1,1,1,1,1,1,1,1,1,1,1,1,0
diphenoxylate,Gastro,antidiarrheal,CCOC(=O)C1(c2ccccc2)CCN(CCC(C#N)(c2ccccc2)c2ccccc2)CC1,0,0,0,0,0,0,0,0,0,0,0,0,0,0,0,0,0,0,0,0,0,0,0,0,0,0,0,0,0,0,0,0,0,0,0,0,0,0,0,0,1,0,0,0,0,0,0,0,0,0,0,0,0,0,0,0,0,0,0,0,0,1,0,0,0,1,0,0,0,0,0,0,0,0,1,0,0,0,0,0,0,0,0,0,1,1,0,0,0,0,0,0,0,0,0,0,0,1,0,1,0,0,0,0,0,0,0,0,1,0,1,1,0,1,0,0,0,1,0,0,1,1,1,0,1,1,0,1,1,0,0,0,0,0,0,0,1,1,0,0,0,1,0,0,1,0,1,1,0,0,0,0,1,1,1,0,1,1,1,1,1,1,1,1,1,0
racecadotril,Gastro,antidiarrheal,CC(=O)SCC(Cc1ccccc1)C(=O)NCC(=O)OCc1ccccc1,0,0,0,0,0,0,0,0,0,0,0,0,0,0,0,0,0,0,0,0,0,0,0,0,0,0,0,0,0,0,0,0,0,0,0,0,0,0,0,0,0,0,0,0,0,0,0,0,0,0,0,0,0,0,0,0,0,0,0,0,0,0,0,0,0,0,0,0,0,0,0,0,0,0,0,0,0,0,0,0,1,1,0,0,0,0,0,1,0,1,1,1,0,0,1,0,0,0,0,1,0,0,0,0,0,0,0,0,1,1,0,0,0,0,0,1,1,0,0,0,0,0,1,0,1,1,0,1,1,0,0,1,0,0,0,1,0,1,0,1,0,0,0,0,1,1,0,0,0,0,1,0,1,1,1,1,1,1,1,1,1,1,1,1,1,0
metoclopramide,Gastro,antiemetic_prokinetic,CCN(CC)CCNC(=O)c1cc(Cl)c(N)cc1OC,0,0,0,0,0,0,0,0,0,0,0,0,0,0,0,0,0,0,0,0,0,0,0,0,0,0,0,0,0,0,0,0,0,0,0,0,0,0,0,0,0,0,0,0,0,0,0,0,0,0,0,0,0,0,0,0,0,0,0,0,0,0,0,0,0,0,0,0,0,0,0,0,0,0,0,0,0,0,1,0,0,1,0,1,1,1,1,0,1,0,1,1,1,0,0,0,1,0,0,1,0,0,1,1,0,0,1,1,0,1,1,0,1,1,0,1,1,1,0,0,0,1,0,0,0,1,1,0,1,0,1,0,1,1,1,0,0,1,0,0,1,1,1,1,0,0,1,1,1,1,1,1,1,1,1,1,1,1,1,1,1,1,1,1,1,0
domperidone,Gastro,antiemetic_prokinetic,O=c1[nH]c2ccccc2n1CCCN1CCC(n2c(=O)[nH]c3cc(Cl)ccc32)CC1,0,0,0,0,0,0,0,0,0,0,0,0,0,0,0,0,0,0,0,0,0,0,0,0,0,0,0,0,0,0,0,0,0,0,0,0,1,0,0,0,0,0,0,0,0,0,0,0,0,0,0,0,0,0,0,0,0,0,0,0,0,1,0,0,1,0,0,0,0,0,0,0,0,0,1,0,1,0,1,1,0,0,1,0,1,1,1,0,0,1,1,0,0,0,0,1,0,1,0,1,1,0,1,0,1,1,1,0,0,1,1,0,1,0,0,0,1,1,0,1,1,1,0,0,1,0,1,1,1,0,1,0,1,1,0,1,1,1,0,0,0,1,1,1,1,0,1,1,0,1,1,0,1,1,1,1,0,1,1,0,1,1,1,1,1,0
ondansetron,Gastro,antiemetic_prokinetic,Cc1nccn1CC1CCc2c(c3ccccc3n2C)C1=O,0,0,0,0,0,0,0,0,0,0,0,0,0,0,0,0,0,0,0,0,0,0,0,0,0,0,0,0,0,0,0,0,0,0,0,0,0,1,0,0,0,0,0,0,0,0,0,0,0,0,0,0,0,0,0,0,0,0,0,0,0,0,0,0,1,0,0,0,0,0,0,0,0,0,1,0,1,0,1,0,0,0,1,0,1,0,0,0,0,0,0,0,1,0,0,1,1,0,0,1,1,0,0,0,1,0,0,1,0,0,1,0,0,0,0,1,0,1,0,1,1,1,0,0,1,0,1,0,1,0,0,0,0,0,0,0,1,0,0,0,0,1,1,1,1,0,1,1,1,1,0,1,1,1,1,1,0,1,0,1,1,1,1,1,1,0
granisetron,Gastro,antiemetic_prokinetic,CN1[C@@H]2CCC[C@H]1CC(NC(=O)c1nn(C)c3ccccc13)C2,0,0,0,0,0,0,0,0,0,0,0,0,0,0,0,0,0,0,0,0,0,0,0,0,0,0,0,0,0,0,0,0,0,0,0,0,0,0,0,0,0,0,0,0,0,0,0,0,0,0,0,1,0,0,0,0,0,0,0,0,0,0,0,0,1,0,0,0,0,0,0,0,0,0,1,0,0,0,1,1,0,0,1,0,1,0,0,0,0,0,1,1,1,1,1,1,1,1,0,0,1,0,0,1,1,0,0,1,0,1,1,0,0,0,0,1,1,1,0,1,1,1,0,1,1,0,0,1,1,0,0,0,1,0,0,0,1,0,0,0,0,1,0,0,1,0,1,1,1,0,1,0,0,1,0,1,0,1,0,1,1,1,1,1,1,0
itopride,Gastro,antiemetic_prokinetic,COc1ccc(C(=O)NCc2ccc(OCCN(C)C)cc2)cc1OC,0,0,0,0,0,0,0,0,0,0,0,0,0,0,0,0,0,0,0,0,0,0,0,0,0,0,0,0,0,0,0,0,0,0,0,0,0,0,0,0,0,0,0,0,0,0,0,0,0,0,0,0,0,0,0,0,0,0,0,0,0,0,0,0,0,0,0,0,0,0,0,1,0,1,0,0,0,0,0,0,0,1,0,0,1,1,0,0,0,0,0,1,1,0,1,0,0,0,0,1,0,0,0,0,0,0,0,0,1,1,1,0,1,0,1,1,1,1,0,0,0,1,0,0,1,1,1,0,0,0,0,1,0,0,0,0,0,1,0,1,1,1,1,1,1,1,1,1,1,1,1,1,1,1,1,1,1,1,1,1,1,1,1,1,1,0
mosapride,Gastro,antiemetic_prokinetic,CCOc1cc(N)c(Cl)cc1C(=O)NCC1CN(Cc2ccc(F)cc2)CCO1,0,0,0,0,0,0,0,0,0,0,0,0,0,0,0,0,0,0,0,0,0,0,0,0,0,0,0,0,0,0,0,0,0,0,0,0,0,0,0,0,0,1,0,0,0,0,0,0,0,0,0,0,0,0,0,0,1,0,0,0,0,0,0,0,0,0,0,0,0,0,0,0,0,0,1,0,0,0,0,1,0,1,0,1,1,1,1,0,1,1,1,1,0,0,1,0,1,1,0,1,0,0,1,0,0,0,1,0,1,1,1,0,1,1,0,0,1,1,0,1,1,1,0,0,1,1,1,1,1,0,1,1,1,1,1,0,1,1,0,0,0,1,1,1,1,1,1,1,0,1,1,1,1,1,1,1,1,1,1,1,1,1,1,1,1,0
prucalopride,Gastro,antiemetic_prokinetic,COCCCN1CCC(NC(=O)c2cc(Cl)c(N)c3c2OCC3)CC1,0,0,0,0,0,0,0,0,0,0,0,0,0,0,0,0,0,0,0,0,0,0,0,0,0,0,0,0,0,0,0,0,0,0,0,0,0,0,0,0,0,0,0,0,0,0,0,0,0,0,0,0,0,0,0,0,1,0,0,0,0,0,0,0,0,0,0,0,0,0,0,0,0,0,1,0,0,0,0,1,0,0,1,1,1,1,1,0,1,1,1,1,1,0,0,1,1,1,0,1,1,0,1,1,1,0,1,1,1,1,1,0,1,0,1,1,1,1,0,1,1,1,0,0,0,1,0,1,1,0,1,1,1,1,1,0,1,1,0,0,0,1,0,1,1,1,1,1,0,1,1,1,1,1,1,1,1,1,1,1,1,1,1,1,1,0
hyoscine,Gastro,antispasmodic,CN1[C@@H]2CC(OC(=O)[C@H](CO)c3ccccc3)C[C@H]1[C@@H]1O[C@@H]12,0,0,0,0,0,0,0,0,0,0,0,0,0,0,0,1,0,0,1,0,0,1,0,0,0,0,0,0,0,0,0,0,0,0,0,0,0,0,0,0,0,0,0,0,0,0,0,0,0,0,0,0,0,0,0,0,1,0,0,0,0,0,0,0,0,0,0,0,0,0,0,0,0,0,1,0,0,0,0,0,0,1,1,0,1,0,0,0,1,0,0,0,1,0,1,1,1,1,0,0,1,0,0,0,1,0,0,0,1,0,1,0,0,0,0,1,0,0,0,1,1,1,1,0,0,1,1,1,0,0,0,1,0,0,0,0,1,0,1,1,0,0,1,0,1,1,0,1,0,0,0,1,1,1,1,1,1,1,1,1,1,1,1,1,1,0
drotaverine,Gastro,antispasmodic,CCOc1ccc(/C=C2\NCCc3cc(OCC)c(OCC)cc32)cc1OCC,0,0,0,0,0,0,0,0,0,0,0,0,0,0,0,0,0,0,0,0,0,0,0,0,0,0,0,0,0,0,0,0,0,0,0,0,0,0,0,0,0,0,0,0,1,0,0,0,0,0,0,0,0,0,0,0,0,0,0,0,0,0,0,0,0,0,0,0,0,0,0,1,0,0,0,1,0,0,0,0,0,1,0,0,0,0,0,0,0,0,1,0,0,0,0,0,0,1,1,1,1,0,0,1,1,0,0,0,1,0,1,0,1,1,0,0,0,1,0,0,1,0,0,0,1,1,1,0,0,0,0,0,0,0,0,0,1,1,0,1,1,0,1,1,1,1,1,0,1,1,1,1,1,0,1,1,1,1,1,1,1,1,1,1,1,0
mebeverine,Gastro,antispasmodic,CCN(CCCCOC(=O)c1ccc(OC)c(OC)c1)C(C)Cc1ccc(OC)cc1,0,0,0,0,0,0,0,0,0,0,0,0,0,0,0,0,0,0,0,0,0,0,0,0,0,0,0,0,0,0,0,0,0,0,0,0,0,0,0,0,0,0,0,0,0,0,0,0,0,0,0,0,0,0,0,0,0,0,0,0,0,0,0,0,0,0,0,0,0,0,0,1,0,0,0,0,0,0,0,0,0,0,0,0,1,1,0,0,0,0,0,0,1,0,0,0,0,0,0,1,0,0,0,0,0,0,0,1,1,0,1,0,1,1,1,1,0,1,0,0,0,1,1,0,1,1,1,1,1,0,0,1,0,0,0,0,0,1,0,1,1,0,1,1,1,1,1,1,1,1,0,1,1,1,1,1,1,1,1,1,1,1,1,1,1,0
trimebutine,Gastro,antispasmodic,CCC(COC(=O)c1cc(OC)c(OC)c(OC)c1)(c1ccccc1)N(C)C,0,0,0,0,0,0,0,0,0,0,0,0,0,0,0,0,0,0,0,0,0,0,0,0,0,0,0,0,0,0,0,0,0,0,0,0,0,0,0,0,0,0,0,0,0,0,0,0,0,0,0,0,0,0,0,0,0,0,0,0,0,0,0,0,0,1,0,0,0,0,0,1,0,1,0,0,0,0,0,0,0,0,0,0,1,1,0,0,1,0,0,0,1,0,1,0,0,0,0,0,0,0,0,0,0,0,0,0,1,0,1,1,1,1,0,1,0,0,0,0,0,1,1,0,1,1,1,0,0,0,0,0,0,0,0,0,0,0,0,1,1,0,1,1,1,1,0,1,1,1,0,1,1,1,1,1,1,1,1,1,1,1,1,1,1,0
alverine,Gastro,antispasmodic,CCN(CCCc1ccccc1)CCCc1ccccc1,0,0,0,0,0,0,0,0,0,0,0,0,0,0,0,0,0,0,0,0,0,0,0,0,0,0,0,0,0,0,0,0,0,0,0,0,0,0,0,0,0,0,0,0,0,0,0,0,0,0,0,0,0,0,0,0,0,0,0,0,0,0,0,0,0,0,0,0,0,0,0,0,0,0,0,0,0,0,0,0,0,0,0,0,1,1,0,0,0,0,0,0,0,0,0,0,0,0,0,1,0,0,0,0,0,0,0,1,0,0,1,0,0,1,0,1,0,1,0,0,0,1,0,0,1,0,0,1,1,0,0,0,0,0,0,0,0,1,0,0,0,0,0,0,1,0,1,1,0,0,0,0,1,0,1,0,0,1,0,1,1,1,1,0,1,0
otilonium,Gastro,antispasmodic,CCCCCCCCOc1ccccc1C(=O)Nc1ccc(C(=O)OCC[N+](C)(CC)CC)cc1,0,0,0,0,0,0,0,0,0,0,0,0,0,0,0,0,0,0,0,0,0,0,0,0,0,0,0,0,0,1,0,0,0,0,0,0,0,0,0,0,0,0,0,0,0,0,0,0,1,0,0,0,0,0,0,0,0,0,0,0,0,0,0,0,0,0,0,0,0,0,0,0,0,0,0,0,0,0,0,0,0,0,0,0,1,1,0,0,1,0,0,1,1,0,1,0,1,0,0,1,0,0,0,0,0,0,0,1,1,1,1,1,1,1,1,1,1,1,0,0,0,1,1,0,1,1,1,1,1,0,0,1,1,0,1,1,0,1,0,1,1,1,1,1,1,1,1,1,1,1,1,1,1,1,1,1,1,1,1,1,1,1,1,1,1,0
pinaverium,Gastro,antispasmodic,COc1cc(Br)c(C[N+]2(CCOCCC3CCC4CC3C4(C)C)CCOCC2)cc1OC,0,0,0,0,0,0,0,0,0,0,1,0,0,0,0,0,0,0,0,0,0,0,0,0,0,0,0,0,0,1,0,0,0,0,0,0,0,0,0,0,0,0,0,0,0,1,0,0,1,0,0,0,0,0,0,0,1,0,0,0,0,0,0,0,0,1,0,0,0,0,0,1,0,1,1,0,0,0,0,0,0,0,0,0,1,1,1,0,0,0,0,0,1,0,1,0,0,1,0,1,0,0,0,0,1,0,1,1,1,0,1,1,1,0,0,1,0,1,0,1,1,1,0,0,0,1,1,1,1,0,0,1,0,1,0,0,1,1,0,1,1,0,1,1,1,1,1,1,1,1,0,1,1,0,1,0,1,1,1,1,1,1,1,1,1,0
dicyclomine,Gastro,antispasmodic,CCN(CC)CCOC(=O)C1(C2CCCCC2)CCCCC1,0,0,0,0,0,0,0,0,0,0,0,0,0,0,0,0,0,0,0,0,0,0,0,0,0,0,0,0,0,0,0,0,0,0,0,0,0,0,0,0,0,0,0,0,0,0,0,0,0,0,0,0,0,0,0,0,0,0,0,0,0,1,0,0,0,1,0,0,0,0,0,0,0,0,0,0,0,0,0,0,0,0,0,0,1,1,0,0,0,0,0,0,0,0,1,0,0,0,0,1,0,0,0,0,0,0,0,1,1,0,1,1,0,1,0,1,0,1,0,0,0,1,1,0,0,1,0,1,1,0,0,1,0,0,0,0,0,1,0,0,0,0,0,0,1,0,1,1,1,0,0,0,1,1,1,0,1,1,1,1,1,0,1,1,1,0
bisacodyl,Gastro,laxative,CC(=O)Oc1ccc(C(c2ccc(OC(C)=O)cc2)c2ccccn2)cc1,0,0,0,0,0,0,0,0,0,0,0,0,0,0,0,0,0,0,0,0,0,0,0,0,0,0,0,0,0,0,0,0,0,0,0,0,0,0,0,0,0,0,0,0,0,0,0,0,0,0,0,0,0,0,0,0,0,0,0,0,0,0,0,0,1,0,0,0,0,0,0,0,0,0,0,0,0,0,0,0,0,0,0,0,0,0,0,0,0,0,0,0,0,0,0,0,0,1,0,0,0,0,0,0,0,0,0,0,0,0,0,0,1,0,0,0,0,0,0,0,1,0,1,0,1,1,1,0,0,0,0,0,0,0,0,1,1,0,0,1,0,0,1,0,1,1,0,0,1,0,0,1,0,1,0,1,1,0,1,1,1,1,1,1,1,0
picosulfate,Gastro,laxative,O=S(=O)(O)Oc1ccc(C(c2ccc(OS(=O)(=O)O)cc2)c2ccccn2)cc1,0,0,0,0,0,0,0,0,0,0,0,0,0,0,0,0,0,0,0,0,0,0,0,0,0,0,0,0,0,0,0,0,0,0,0,0,0,0,1,1,0,0,0,0,0,0,0,1,0,0,0,0,0,0,1,0,0,1,0,1,1,0,0,0,1,0,1,0,1,0,0,0,1,0,0,0,0,0,0,0,0,0,0,0,0,0,0,1,0,0,0,0,0,0,0,0,0,1,0,0,0,1,0,0,0,1,0,0,0,0,0,1,1,0,0,0,0,0,0,0,1,0,0,1,1,1,1,0,0,1,1,0,0,0,0,1,1,0,1,1,0,0,1,0,1,1,0,1,0,0,0,1,0,0,0,1,1,0,1,0,1,1,1,1,1,0
